"","X","Y","phase","predictions_gp","predictions_lin","lower_bound_gp","upper_bound_gp","stock","stock_type"
"1",1,0.0807186913381604,"train",NA,NA,NA,NA,"MS","financials"
"2",2,0.0796460176991151,"train",NA,NA,NA,NA,"MS","financials"
"3",3,0.0890319120407616,"train",NA,NA,NA,NA,"MS","financials"
"4",4,0.0890319120407616,"train",NA,NA,NA,NA,"MS","financials"
"5",5,0.0943952802359882,"train",NA,NA,NA,NA,"MS","financials"
"6",6,0.0954679538750336,"train",NA,NA,NA,NA,"MS","financials"
"7",7,0.107535532314293,"train",NA,NA,NA,NA,"MS","financials"
"8",8,0.0834003754357737,"train",NA,NA,NA,NA,"MS","financials"
"9",9,0.0675784392598552,"train",NA,NA,NA,NA,"MS","financials"
"10",10,0.0876910699919549,"train",NA,NA,NA,NA,"MS","financials"
"11",11,0.0461249664789488,"train",NA,NA,NA,NA,"MS","financials"
"12",12,0.0571198712791634,"train",NA,NA,NA,NA,"MS","financials"
"13",13,0.0694556181281845,"train",NA,NA,NA,NA,"MS","financials"
"14",14,0.060069723786538,"train",NA,NA,NA,NA,"MS","financials"
"15",15,0.056851702869402,"train",NA,NA,NA,NA,"MS","financials"
"16",16,0.0614105658353447,"train",NA,NA,NA,NA,"MS","financials"
"17",17,0.0651649235720032,"train",NA,NA,NA,NA,"MS","financials"
"18",18,0.0697237865379459,"train",NA,NA,NA,NA,"MS","financials"
"19",19,0.0780370072405471,"train",NA,NA,NA,NA,"MS","financials"
"20",20,0.0729418074550818,"train",NA,NA,NA,NA,"MS","financials"
"21",21,0.0748189863234112,"train",NA,NA,NA,NA,"MS","financials"
"22",22,0.063287744703674,"train",NA,NA,NA,NA,"MS","financials"
"23",23,0.0662375972110486,"train",NA,NA,NA,NA,"MS","financials"
"24",24,0.0667739340305712,"train",NA,NA,NA,NA,"MS","financials"
"25",25,0.0879592384017163,"train",NA,NA,NA,NA,"MS","financials"
"26",26,0.0718691338160364,"train",NA,NA,NA,NA,"MS","financials"
"27",27,0.0557790292303567,"train",NA,NA,NA,NA,"MS","financials"
"28",28,0.0651649235720032,"train",NA,NA,NA,NA,"MS","financials"
"29",29,0.0469294717082328,"train",NA,NA,NA,NA,"MS","financials"
"30",30,0.0501474926253688,"train",NA,NA,NA,NA,"MS","financials"
"31",31,0.0445159560203808,"train",NA,NA,NA,NA,"MS","financials"
"32",32,0.0512201662644141,"train",NA,NA,NA,NA,"MS","financials"
"33",33,0.0530973451327434,"train",NA,NA,NA,NA,"MS","financials"
"34",34,0.0447841244301422,"train",NA,NA,NA,NA,"MS","financials"
"35",35,0.0362027353177796,"train",NA,NA,NA,NA,"MS","financials"
"36",36,0.0372754089568249,"train",NA,NA,NA,NA,"MS","financials"
"37",37,0.0214534727809064,"train",NA,NA,NA,NA,"MS","financials"
"38",38,0.0273531777956557,"train",NA,NA,NA,NA,"MS","financials"
"39",39,0.0335210512201663,"train",NA,NA,NA,NA,"MS","financials"
"40",40,0.0383480825958702,"train",NA,NA,NA,NA,"MS","financials"
"41",41,0.0383480825958702,"train",NA,NA,NA,NA,"MS","financials"
"42",42,0.0512201662644141,"train",NA,NA,NA,NA,"MS","financials"
"43",43,0.0525610083132207,"train",NA,NA,NA,NA,"MS","financials"
"44",44,0.0404934298739609,"train",NA,NA,NA,NA,"MS","financials"
"45",45,0.0313757039420757,"train",NA,NA,NA,NA,"MS","financials"
"46",46,0.0412979351032449,"train",NA,NA,NA,NA,"MS","financials"
"47",47,0.0311075355323143,"train",NA,NA,NA,NA,"MS","financials"
"48",48,0,"train",NA,NA,NA,NA,"MS","financials"
"49",49,0.0072405470635559,"train",NA,NA,NA,NA,"MS","financials"
"50",50,0.0107267363904533,"train",NA,NA,NA,NA,"MS","financials"
"51",51,0.0348618932689729,"train",NA,NA,NA,NA,"MS","financials"
"52",52,0.0305711987127916,"train",NA,NA,NA,NA,"MS","financials"
"53",53,0.030034861893269,"train",NA,NA,NA,NA,"MS","financials"
"54",54,0.029230356663985,"train",NA,NA,NA,NA,"MS","financials"
"55",55,0.0509519978546528,"train",NA,NA,NA,NA,"MS","financials"
"56",56,0.0493429873960847,"train",NA,NA,NA,NA,"MS","financials"
"57",57,0.0412979351032449,"train",NA,NA,NA,NA,"MS","financials"
"58",58,0.0530973451327434,"train",NA,NA,NA,NA,"MS","financials"
"59",59,0.0657012603915259,"train",NA,NA,NA,NA,"MS","financials"
"60",60,0.0796460176991151,"train",NA,NA,NA,NA,"MS","financials"
"61",61,0.0793778492893537,"train",NA,NA,NA,NA,"MS","financials"
"62",62,0.090104585679807,"train",NA,NA,NA,NA,"MS","financials"
"63",63,0.0831322070260124,"train",NA,NA,NA,NA,"MS","financials"
"64",64,0.0973451327433629,"train",NA,NA,NA,NA,"MS","financials"
"65",65,0.0903727540895683,"train",NA,NA,NA,NA,"MS","financials"
"66",66,0.106194690265487,"train",NA,NA,NA,NA,"MS","financials"
"67",67,0.122016626441405,"train",NA,NA,NA,NA,"MS","financials"
"68",68,0.114507910968088,"train",NA,NA,NA,NA,"MS","financials"
"69",69,0.130866183963529,"train",NA,NA,NA,NA,"MS","financials"
"70",70,0.127648163046393,"train",NA,NA,NA,NA,"MS","financials"
"71",71,0.1289890050952,"train",NA,NA,NA,NA,"MS","financials"
"72",72,0.117725931885224,"train",NA,NA,NA,NA,"MS","financials"
"73",73,0.105658353445964,"train",NA,NA,NA,NA,"MS","financials"
"74",74,0.108340037543577,"train",NA,NA,NA,NA,"MS","financials"
"75",75,0.118530437114508,"train",NA,NA,NA,NA,"MS","financials"
"76",76,0.125234647358541,"train",NA,NA,NA,NA,"MS","financials"
"77",77,0.147760793778493,"train",NA,NA,NA,NA,"MS","financials"
"78",78,0.149906141056584,"train",NA,NA,NA,NA,"MS","financials"
"79",79,0.14320193081255,"train",NA,NA,NA,NA,"MS","financials"
"80",80,0.138374899436846,"train",NA,NA,NA,NA,"MS","financials"
"81",81,0.126575489407348,"train",NA,NA,NA,NA,"MS","financials"
"82",82,0.136765888978278,"train",NA,NA,NA,NA,"MS","financials"
"83",83,0.17940466613033,"train",NA,NA,NA,NA,"MS","financials"
"84",84,0.18342719227675,"train",NA,NA,NA,NA,"MS","financials"
"85",85,0.155001340842049,"train",NA,NA,NA,NA,"MS","financials"
"86",86,0.14105658353446,"train",NA,NA,NA,NA,"MS","financials"
"87",87,0.162510056315366,"train",NA,NA,NA,NA,"MS","financials"
"88",88,0.148028962188254,"train",NA,NA,NA,NA,"MS","financials"
"89",89,0.158219361759185,"train",NA,NA,NA,NA,"MS","financials"
"90",90,0.161169214266559,"train",NA,NA,NA,NA,"MS","financials"
"91",91,0.155537677661571,"train",NA,NA,NA,NA,"MS","financials"
"92",92,0.129793510324484,"train",NA,NA,NA,NA,"MS","financials"
"93",93,0.123357468490212,"train",NA,NA,NA,NA,"MS","financials"
"94",94,0.109680879592384,"train",NA,NA,NA,NA,"MS","financials"
"95",95,0.126575489407348,"train",NA,NA,NA,NA,"MS","financials"
"96",96,0.122552963260928,"train",NA,NA,NA,NA,"MS","financials"
"97",97,0.126843657817109,"train",NA,NA,NA,NA,"MS","financials"
"98",98,0.110485384821668,"train",NA,NA,NA,NA,"MS","financials"
"99",99,0.114776079377849,"train",NA,NA,NA,NA,"MS","financials"
"100",100,0.110753553231429,"train",NA,NA,NA,NA,"MS","financials"
"101",101,0.100026816840976,"train",NA,NA,NA,NA,"MS","financials"
"102",102,0.114239742558327,"train",NA,NA,NA,NA,"MS","financials"
"103",103,0.122552963260928,"train",NA,NA,NA,NA,"MS","financials"
"104",104,0.137570394207562,"train",NA,NA,NA,NA,"MS","financials"
"105",105,0.134888710109949,"train",NA,NA,NA,NA,"MS","financials"
"106",106,0.140520246714937,"train",NA,NA,NA,NA,"MS","financials"
"107",107,0.156074014481094,"train",NA,NA,NA,NA,"MS","financials"
"108",108,0.171091445427729,"train",NA,NA,NA,NA,"MS","financials"
"109",109,0.162778224725127,"train",NA,NA,NA,NA,"MS","financials"
"110",110,0.167068919281309,"train",NA,NA,NA,NA,"MS","financials"
"111",111,0.198176454813623,"train",NA,NA,NA,NA,"MS","financials"
"112",112,0.19549477071601,"train",NA,NA,NA,NA,"MS","financials"
"113",113,0.195762939125771,"train",NA,NA,NA,NA,"MS","financials"
"114",114,0.201126307320998,"train",NA,NA,NA,NA,"MS","financials"
"115",115,0.198980960042907,"train",NA,NA,NA,NA,"MS","financials"
"116",116,0.199785465272191,"train",NA,NA,NA,NA,"MS","financials"
"117",117,0.198176454813623,"train",NA,NA,NA,NA,"MS","financials"
"118",118,0.187717886832931,"train",NA,NA,NA,NA,"MS","financials"
"119",119,0.181281844998659,"train",NA,NA,NA,NA,"MS","financials"
"120",120,0.185036202735318,"train",NA,NA,NA,NA,"MS","financials"
"121",121,0.204076159828372,"train",NA,NA,NA,NA,"MS","financials"
"122",122,0.202198980960043,"train",NA,NA,NA,NA,"MS","financials"
"123",123,0.202198980960043,"train",NA,NA,NA,NA,"MS","financials"
"124",124,0.187717886832931,"train",NA,NA,NA,NA,"MS","financials"
"125",125,0.181281844998659,"train",NA,NA,NA,NA,"MS","financials"
"126",126,0.177259318852239,"train",NA,NA,NA,NA,"MS","financials"
"127",127,0.172968624296058,"train",NA,NA,NA,NA,"MS","financials"
"128",128,0.169214266559399,"train",NA,NA,NA,NA,"MS","financials"
"129",129,0.178331992491285,"train",NA,NA,NA,NA,"MS","financials"
"130",130,0.173773129525342,"train",NA,NA,NA,NA,"MS","financials"
"131",131,0.162241887905605,"train",NA,NA,NA,NA,"MS","financials"
"132",132,0.165191740412979,"train",NA,NA,NA,NA,"MS","financials"
"133",133,0.147492625368732,"train",NA,NA,NA,NA,"MS","financials"
"134",134,0.160901045856798,"train",NA,NA,NA,NA,"MS","financials"
"135",135,0.152855993563958,"train",NA,NA,NA,NA,"MS","financials"
"136",136,0.158487530168946,"train",NA,NA,NA,NA,"MS","financials"
"137",137,0.161169214266559,"train",NA,NA,NA,NA,"MS","financials"
"138",138,0.162778224725127,"train",NA,NA,NA,NA,"MS","financials"
"139",139,0.137838562617324,"train",NA,NA,NA,NA,"MS","financials"
"140",140,0.141324751944221,"train",NA,NA,NA,NA,"MS","financials"
"141",141,0.150174309466345,"train",NA,NA,NA,NA,"MS","financials"
"142",142,0.146151783319925,"train",NA,NA,NA,NA,"MS","financials"
"143",143,0.159828372217753,"train",NA,NA,NA,NA,"MS","financials"
"144",144,0.166264414052025,"train",NA,NA,NA,NA,"MS","financials"
"145",145,0.170018771788683,"train",NA,NA,NA,NA,"MS","financials"
"146",146,0.174309466344865,"train",NA,NA,NA,NA,"MS","financials"
"147",147,0.191204076159828,"train",NA,NA,NA,NA,"MS","financials"
"148",148,0.207294180745508,"train",NA,NA,NA,NA,"MS","financials"
"149",149,0.212925717350496,"train",NA,NA,NA,NA,"MS","financials"
"150",150,0.206757843925986,"train",NA,NA,NA,NA,"MS","financials"
"151",151,0.20970769643336,"train",NA,NA,NA,NA,"MS","financials"
"152",152,0.22579780101904,"train",NA,NA,NA,NA,"MS","financials"
"153",153,0.233306516492357,"train",NA,NA,NA,NA,"MS","financials"
"154",154,0.233574684902119,"train",NA,NA,NA,NA,"MS","financials"
"155",155,0.222311611692143,"train",NA,NA,NA,NA,"MS","financials"
"156",156,0.211316706891928,"train",NA,NA,NA,NA,"MS","financials"
"157",157,0.185304371145079,"train",NA,NA,NA,NA,"MS","financials"
"158",158,0.186645213193886,"train",NA,NA,NA,NA,"MS","financials"
"159",159,0.185304371145079,"train",NA,NA,NA,NA,"MS","financials"
"160",160,0.18342719227675,"train",NA,NA,NA,NA,"MS","financials"
"161",161,0.18155001340842,"train",NA,NA,NA,NA,"MS","financials"
"162",162,0.178063824081523,"train",NA,NA,NA,NA,"MS","financials"
"163",163,0.183159023866988,"train",NA,NA,NA,NA,"MS","financials"
"164",164,0.182622687047466,"train",NA,NA,NA,NA,"MS","financials"
"165",165,0.17538213998391,"train",NA,NA,NA,NA,"MS","financials"
"166",166,0.179136497720568,"train",NA,NA,NA,NA,"MS","financials"
"167",167,0.175113971574149,"train",NA,NA,NA,NA,"MS","financials"
"168",168,0.16733708769107,"train",NA,NA,NA,NA,"MS","financials"
"169",169,0.173236792705819,"train",NA,NA,NA,NA,"MS","financials"
"170",170,0.196567444355055,"train",NA,NA,NA,NA,"MS","financials"
"171",171,0.204880665057656,"train",NA,NA,NA,NA,"MS","financials"
"172",172,0.211048538482167,"train",NA,NA,NA,NA,"MS","financials"
"173",173,0.205953338696701,"train",NA,NA,NA,NA,"MS","financials"
"174",174,0.223116116921427,"train",NA,NA,NA,NA,"MS","financials"
"175",175,0.231161169214267,"train",NA,NA,NA,NA,"MS","financials"
"176",176,0.251541968356128,"train",NA,NA,NA,NA,"MS","financials"
"177",177,0.244569589702333,"train",NA,NA,NA,NA,"MS","financials"
"178",178,0.245374094931617,"train",NA,NA,NA,NA,"MS","financials"
"179",179,0.235183695360686,"train",NA,NA,NA,NA,"MS","financials"
"180",180,0.243496916063288,"train",NA,NA,NA,NA,"MS","financials"
"181",181,0.239206221507106,"train",NA,NA,NA,NA,"MS","financials"
"182",182,0.232233842853312,"train",NA,NA,NA,NA,"MS","financials"
"183",183,0.242692410834004,"train",NA,NA,NA,NA,"MS","financials"
"184",184,0.23598820058997,"train",NA,NA,NA,NA,"MS","financials"
"185",185,0.22579780101904,"train",NA,NA,NA,NA,"MS","financials"
"186",186,0.238401716277822,"train",NA,NA,NA,NA,"MS","financials"
"187",187,0.242156074014481,"train",NA,NA,NA,NA,"MS","financials"
"188",188,0.232770179672835,"train",NA,NA,NA,NA,"MS","financials"
"189",189,0.236524537409493,"train",NA,NA,NA,NA,"MS","financials"
"190",190,0.225529632609279,"train",NA,NA,NA,NA,"MS","financials"
"191",191,0.244837758112094,"train",NA,NA,NA,NA,"MS","financials"
"192",192,0.262268704746581,"train",NA,NA,NA,NA,"MS","financials"
"193",193,0.253419147224457,"train",NA,NA,NA,NA,"MS","financials"
"194",194,0.261196031107536,"train",NA,NA,NA,NA,"MS","financials"
"195",195,0.268972914990614,"train",NA,NA,NA,NA,"MS","financials"
"196",196,0.267900241351569,"train",NA,NA,NA,NA,"MS","financials"
"197",197,0.268704746580853,"train",NA,NA,NA,NA,"MS","financials"
"198",198,0.268972914990614,"train",NA,NA,NA,NA,"MS","financials"
"199",199,0.267095736122285,"train",NA,NA,NA,NA,"MS","financials"
"200",200,0.283722177527487,"train",NA,NA,NA,NA,"MS","financials"
"201",201,0.295789755966747,"train",NA,NA,NA,NA,"MS","financials"
"202",202,0.301153124161974,"train",NA,NA,NA,NA,"MS","financials"
"203",203,0.297130598015554,"train",NA,NA,NA,NA,"MS","financials"
"204",204,0.297666934835076,"train",NA,NA,NA,NA,"MS","financials"
"205",205,0.294717082327702,"train",NA,NA,NA,NA,"MS","financials"
"206",206,0.298203271654599,"train",NA,NA,NA,NA,"MS","financials"
"207",207,0.285867524805578,"train",NA,NA,NA,NA,"MS","financials"
"208",208,0.290158219361759,"train",NA,NA,NA,NA,"MS","financials"
"209",209,0.265486725663717,"train",NA,NA,NA,NA,"MS","financials"
"210",210,0.27219093590775,"train",NA,NA,NA,NA,"MS","financials"
"211",211,0.270313757039421,"train",NA,NA,NA,NA,"MS","financials"
"212",212,0.280504156610351,"train",NA,NA,NA,NA,"MS","financials"
"213",213,0.263073209975865,"train",NA,NA,NA,NA,"MS","financials"
"214",214,0.272727272727273,"train",NA,NA,NA,NA,"MS","financials"
"215",215,0.289085545722714,"train",NA,NA,NA,NA,"MS","financials"
"216",216,0.284526682756771,"train",NA,NA,NA,NA,"MS","financials"
"217",217,0.273799946366318,"train",NA,NA,NA,NA,"MS","financials"
"218",218,0.303298471440064,"train",NA,NA,NA,NA,"MS","financials"
"219",219,0.282917672298203,"train",NA,NA,NA,NA,"MS","financials"
"220",220,0.284794851166533,"train",NA,NA,NA,NA,"MS","financials"
"221",221,0.289621882542236,"train",NA,NA,NA,NA,"MS","financials"
"222",222,0.286940198444623,"train",NA,NA,NA,NA,"MS","financials"
"223",223,0.289353714132475,"train",NA,NA,NA,NA,"MS","financials"
"224",224,0.28828104049343,"train",NA,NA,NA,NA,"MS","financials"
"225",225,0.282649503888442,"train",NA,NA,NA,NA,"MS","financials"
"226",226,0.29632609278627,"train",NA,NA,NA,NA,"MS","financials"
"227",227,0.287476535264146,"train",NA,NA,NA,NA,"MS","financials"
"228",228,0.30034861893269,"train",NA,NA,NA,NA,"MS","financials"
"229",229,0.303298471440064,"train",NA,NA,NA,NA,"MS","financials"
"230",230,0.300616787342451,"train",NA,NA,NA,NA,"MS","financials"
"231",231,0.301689460981496,"train",NA,NA,NA,NA,"MS","financials"
"232",232,0.301421292571735,"train",NA,NA,NA,NA,"MS","financials"
"233",233,0.294717082327702,"train",NA,NA,NA,NA,"MS","financials"
"234",234,0.283185840707965,"train",NA,NA,NA,NA,"MS","financials"
"235",235,0.289353714132475,"train",NA,NA,NA,NA,"MS","financials"
"236",236,0.319388576025744,"train",NA,NA,NA,NA,"MS","financials"
"237",237,0.313488871010995,"train",NA,NA,NA,NA,"MS","financials"
"238",238,0.351032448377581,"train",NA,NA,NA,NA,"MS","financials"
"239",239,0.330383480825959,"train",NA,NA,NA,NA,"MS","financials"
"240",240,0.321265754894073,"train",NA,NA,NA,NA,"MS","financials"
"241",241,0.299544113703406,"train",NA,NA,NA,NA,"MS","financials"
"242",242,0.271922767497989,"train",NA,NA,NA,NA,"MS","financials"
"243",243,0.259050683829445,"train",NA,NA,NA,NA,"MS","financials"
"244",244,0.263341378385626,"train",NA,NA,NA,NA,"MS","financials"
"245",245,0.258246178600161,"train",NA,NA,NA,NA,"MS","financials"
"246",246,0.259318852239206,"train",NA,NA,NA,NA,"MS","financials"
"247",247,0.246714936980424,"train",NA,NA,NA,NA,"MS","financials"
"248",248,0.231697506033789,"train",NA,NA,NA,NA,"MS","financials"
"249",249,0.233574684902119,"train",NA,NA,NA,NA,"MS","financials"
"250",250,0.2378653794583,"train",NA,NA,NA,NA,"MS","financials"
"251",251,0.251541968356128,"train",NA,NA,NA,NA,"MS","financials"
"252",252,0.251541968356128,"train",NA,NA,NA,NA,"MS","financials"
"253",253,0.251810136765889,"train",NA,NA,NA,NA,"MS","financials"
"254",254,0.267095736122285,"train",NA,NA,NA,NA,"MS","financials"
"255",255,0.26414588361491,"train",NA,NA,NA,NA,"MS","financials"
"256",256,0.257441673370877,"train",NA,NA,NA,NA,"MS","financials"
"257",257,0.251541968356128,"train",NA,NA,NA,NA,"MS","financials"
"258",258,0.24805577902923,"train",NA,NA,NA,NA,"MS","financials"
"259",259,0.231965674443551,"train",NA,NA,NA,NA,"MS","financials"
"260",260,0.24188790560472,"train",NA,NA,NA,NA,"MS","financials"
"261",261,0.249664789487798,"train",NA,NA,NA,NA,"MS","financials"
"262",262,0.26816840976133,"train",NA,NA,NA,NA,"MS","financials"
"263",263,0.25207830517565,"train",NA,NA,NA,NA,"MS","financials"
"264",264,0.258246178600161,"train",NA,NA,NA,NA,"MS","financials"
"265",265,0.269509251810137,"train",NA,NA,NA,NA,"MS","financials"
"266",266,0.281308661839635,"train",NA,NA,NA,NA,"MS","financials"
"267",267,0.266827567712523,"train",NA,NA,NA,NA,"MS","financials"
"268",268,0.289353714132475,"train",NA,NA,NA,NA,"MS","financials"
"269",269,0.312684365781711,"train",NA,NA,NA,NA,"MS","financials"
"270",270,0.309198176454814,"train",NA,NA,NA,NA,"MS","financials"
"271",271,0.319120407615983,"train",NA,NA,NA,NA,"MS","financials"
"272",272,0.316975060337892,"train",NA,NA,NA,NA,"MS","financials"
"273",273,0.305443818718155,"train",NA,NA,NA,NA,"MS","financials"
"274",274,0.29847144006436,"train",NA,NA,NA,NA,"MS","financials"
"275",275,0.29847144006436,"train",NA,NA,NA,NA,"MS","financials"
"276",276,0.289353714132475,"train",NA,NA,NA,NA,"MS","financials"
"277",277,0.296594261196031,"train",NA,NA,NA,NA,"MS","financials"
"278",278,0.304102976669348,"train",NA,NA,NA,NA,"MS","financials"
"279",279,0.30839367122553,"train",NA,NA,NA,NA,"MS","financials"
"280",280,0.33467417538214,"train",NA,NA,NA,NA,"MS","financials"
"281",281,0.329578975596675,"train",NA,NA,NA,NA,"MS","financials"
"282",282,0.325288281040493,"train",NA,NA,NA,NA,"MS","financials"
"283",283,0.30249396621078,"train",NA,NA,NA,NA,"MS","financials"
"284",284,0.292571735049611,"train",NA,NA,NA,NA,"MS","financials"
"285",285,0.283990345937249,"train",NA,NA,NA,NA,"MS","financials"
"286",286,0.28425851434701,"train",NA,NA,NA,NA,"MS","financials"
"287",287,0.291230893000805,"train",NA,NA,NA,NA,"MS","financials"
"288",288,0.29230356663985,"train",NA,NA,NA,NA,"MS","financials"
"289",289,0.297666934835076,"train",NA,NA,NA,NA,"MS","financials"
"290",290,0.285331187986055,"train",NA,NA,NA,NA,"MS","financials"
"291",291,0.269777420219898,"train",NA,NA,NA,NA,"MS","financials"
"292",292,0.246983105390185,"train",NA,NA,NA,NA,"MS","financials"
"293",293,0.247251273799946,"train",NA,NA,NA,NA,"MS","financials"
"294",294,0.265754894073478,"train",NA,NA,NA,NA,"MS","financials"
"295",295,0.239742558326629,"train",NA,NA,NA,NA,"MS","financials"
"296",296,0.218825422365245,"train",NA,NA,NA,NA,"MS","financials"
"297",297,0.234647358541164,"train",NA,NA,NA,NA,"MS","financials"
"298",298,0.247787610619469,"train",NA,NA,NA,NA,"MS","financials"
"299",299,0.256905336551354,"train",NA,NA,NA,NA,"MS","financials"
"300",300,0.28023598820059,"train",NA,NA,NA,NA,"MS","financials"
"301",301,0.286135693215339,"train",NA,NA,NA,NA,"MS","financials"
"302",302,0.292035398230088,"train",NA,NA,NA,NA,"MS","financials"
"303",303,0.287744703673907,"train",NA,NA,NA,NA,"MS","financials"
"304",304,0.285063019576294,"train",NA,NA,NA,NA,"MS","financials"
"305",305,0.275408956824886,"train",NA,NA,NA,NA,"MS","financials"
"306",306,0.259587020648967,"train",NA,NA,NA,NA,"MS","financials"
"307",307,0.273799946366318,"train",NA,NA,NA,NA,"MS","financials"
"308",308,0.284794851166533,"train",NA,NA,NA,NA,"MS","financials"
"309",309,0.292571735049611,"train",NA,NA,NA,NA,"MS","financials"
"310",310,0.278358809332261,"train",NA,NA,NA,NA,"MS","financials"
"311",311,0.261732367927058,"train",NA,NA,NA,NA,"MS","financials"
"312",312,0.245374094931617,"train",NA,NA,NA,NA,"MS","financials"
"313",313,0.251810136765889,"train",NA,NA,NA,NA,"MS","financials"
"314",314,0.251541968356128,"train",NA,NA,NA,NA,"MS","financials"
"315",315,0.251273799946366,"train",NA,NA,NA,NA,"MS","financials"
"316",316,0.268704746580853,"train",NA,NA,NA,NA,"MS","financials"
"317",317,0.268704746580853,"train",NA,NA,NA,NA,"MS","financials"
"318",318,0.266559399302762,"train",NA,NA,NA,NA,"MS","financials"
"319",319,0.253687315634218,"train",NA,NA,NA,NA,"MS","financials"
"320",320,0.263609546795388,"train",NA,NA,NA,NA,"MS","financials"
"321",321,0.26414588361491,"train",NA,NA,NA,NA,"MS","financials"
"322",322,0.25207830517565,"train",NA,NA,NA,NA,"MS","financials"
"323",323,0.26012335746849,"train",NA,NA,NA,NA,"MS","financials"
"324",324,0.270313757039421,"train",NA,NA,NA,NA,"MS","financials"
"325",325,0.272995441137034,"train",NA,NA,NA,NA,"MS","financials"
"326",326,0.289890050951998,"train",NA,NA,NA,NA,"MS","financials"
"327",327,0.284794851166533,"train",NA,NA,NA,NA,"MS","financials"
"328",328,0.290158219361759,"train",NA,NA,NA,NA,"MS","financials"
"329",329,0.282917672298203,"train",NA,NA,NA,NA,"MS","financials"
"330",330,0.283990345937249,"train",NA,NA,NA,NA,"MS","financials"
"331",331,0.282649503888442,"train",NA,NA,NA,NA,"MS","financials"
"332",332,0.292035398230088,"train",NA,NA,NA,NA,"MS","financials"
"333",333,0.303566639849826,"train",NA,NA,NA,NA,"MS","financials"
"334",334,0.312148028962188,"train",NA,NA,NA,NA,"MS","financials"
"335",335,0.312952534191472,"train",NA,NA,NA,NA,"MS","financials"
"336",336,0.315634218289085,"train",NA,NA,NA,NA,"MS","financials"
"337",337,0.305175650308394,"train",NA,NA,NA,NA,"MS","financials"
"338",338,0.306248323947439,"train",NA,NA,NA,NA,"MS","financials"
"339",339,0.30249396621078,"train",NA,NA,NA,NA,"MS","financials"
"340",340,0.305711987127916,"train",NA,NA,NA,NA,"MS","financials"
"341",341,0.326897291499061,"train",NA,NA,NA,NA,"MS","financials"
"342",342,0.331187986055243,"train",NA,NA,NA,NA,"MS","financials"
"343",343,0.327969965138107,"train",NA,NA,NA,NA,"MS","financials"
"344",344,0.321265754894073,"train",NA,NA,NA,NA,"MS","financials"
"345",345,0.327433628318584,"train",NA,NA,NA,NA,"MS","financials"
"346",346,0.314293376240279,"train",NA,NA,NA,NA,"MS","financials"
"347",347,0.319656744435505,"train",NA,NA,NA,NA,"MS","financials"
"348",348,0.31053901850362,"train",NA,NA,NA,NA,"MS","financials"
"349",349,0.301421292571735,"train",NA,NA,NA,NA,"MS","financials"
"350",350,0.322338428533119,"train",NA,NA,NA,NA,"MS","financials"
"351",351,0.322070260123357,"train",NA,NA,NA,NA,"MS","financials"
"352",352,0.3266291230893,"train",NA,NA,NA,NA,"MS","financials"
"353",353,0.330115312416197,"train",NA,NA,NA,NA,"MS","financials"
"354",354,0.323947438991687,"train",NA,NA,NA,NA,"MS","financials"
"355",355,0.306784660766962,"train",NA,NA,NA,NA,"MS","financials"
"356",356,0.313757039420756,"train",NA,NA,NA,NA,"MS","financials"
"357",357,0.304907481898632,"train",NA,NA,NA,NA,"MS","financials"
"358",358,0.297666934835076,"train",NA,NA,NA,NA,"MS","financials"
"359",359,0.30839367122553,"train",NA,NA,NA,NA,"MS","financials"
"360",360,0.313488871010995,"train",NA,NA,NA,NA,"MS","financials"
"361",361,0.326897291499061,"train",NA,NA,NA,NA,"MS","financials"
"362",362,0.33065164923572,"train",NA,NA,NA,NA,"MS","financials"
"363",363,0.33065164923572,"train",NA,NA,NA,NA,"MS","financials"
"364",364,0.328238133547868,"train",NA,NA,NA,NA,"MS","financials"
"365",365,0.337892196299276,"train",NA,NA,NA,NA,"MS","financials"
"366",366,0.349691606328774,"train",NA,NA,NA,NA,"MS","financials"
"367",367,0.351032448377581,"train",NA,NA,NA,NA,"MS","financials"
"368",368,0.3467417538214,"train",NA,NA,NA,NA,"MS","financials"
"369",369,0.342182890855457,"train",NA,NA,NA,NA,"MS","financials"
"370",370,0.330919817645481,"train",NA,NA,NA,NA,"MS","financials"
"371",371,0.349423437919013,"train",NA,NA,NA,NA,"MS","financials"
"372",372,0.32260659694288,"train",NA,NA,NA,NA,"MS","financials"
"373",373,0.302762134620542,"train",NA,NA,NA,NA,"MS","financials"
"374",374,0.308930008045052,"train",NA,NA,NA,NA,"MS","financials"
"375",375,0.297666934835076,"train",NA,NA,NA,NA,"MS","financials"
"376",376,0.301689460981496,"train",NA,NA,NA,NA,"MS","financials"
"377",377,0.29632609278627,"train",NA,NA,NA,NA,"MS","financials"
"378",378,0.312148028962188,"train",NA,NA,NA,NA,"MS","financials"
"379",379,0.315634218289085,"train",NA,NA,NA,NA,"MS","financials"
"380",380,0.313757039420756,"train",NA,NA,NA,NA,"MS","financials"
"381",381,0.314025207830518,"train",NA,NA,NA,NA,"MS","financials"
"382",382,0.318047733976938,"train",NA,NA,NA,NA,"MS","financials"
"383",383,0.319388576025744,"train",NA,NA,NA,NA,"MS","financials"
"384",384,0.329847144006436,"train",NA,NA,NA,NA,"MS","financials"
"385",385,0.327701796728345,"train",NA,NA,NA,NA,"MS","financials"
"386",386,0.327969965138107,"train",NA,NA,NA,NA,"MS","financials"
"387",387,0.341110217216412,"train",NA,NA,NA,NA,"MS","financials"
"388",388,0.35290962724591,"train",NA,NA,NA,NA,"MS","financials"
"389",389,0.372485921158488,"train",NA,NA,NA,NA,"MS","financials"
"390",390,0.377849289353714,"train",NA,NA,NA,NA,"MS","financials"
"391",391,0.370608742290158,"train",NA,NA,NA,NA,"MS","financials"
"392",392,0.368731563421829,"train",NA,NA,NA,NA,"MS","financials"
"393",393,0.375435773665862,"train",NA,NA,NA,NA,"MS","financials"
"394",394,0.381871815500134,"train",NA,NA,NA,NA,"MS","financials"
"395",395,0.382139983909895,"train",NA,NA,NA,NA,"MS","financials"
"396",396,0.385894341646554,"train",NA,NA,NA,NA,"MS","financials"
"397",397,0.384017162778225,"train",NA,NA,NA,NA,"MS","financials"
"398",398,0.390185036202735,"train",NA,NA,NA,NA,"MS","financials"
"399",399,0.364709037275409,"train",NA,NA,NA,NA,"MS","financials"
"400",400,0.375972110485385,"train",NA,NA,NA,NA,"MS","financials"
"401",401,0.386698846875838,"train",NA,NA,NA,NA,"MS","financials"
"402",402,0.394207562349155,"train",NA,NA,NA,NA,"MS","financials"
"403",403,0.399570930544382,"train",NA,NA,NA,NA,"MS","financials"
"404",404,0.396889246446769,"train",NA,NA,NA,NA,"MS","financials"
"405",405,0.408956824886028,"train",NA,NA,NA,NA,"MS","financials"
"406",406,0.424242424242424,"train",NA,NA,NA,NA,"MS","financials"
"407",407,0.414320193081255,"train",NA,NA,NA,NA,"MS","financials"
"408",408,0.398766425315098,"train",NA,NA,NA,NA,"MS","financials"
"409",409,0.394475730758917,"train",NA,NA,NA,NA,"MS","financials"
"410",410,0.393403057119871,"train",NA,NA,NA,NA,"MS","financials"
"411",411,0.37302225797801,"train",NA,NA,NA,NA,"MS","financials"
"412",412,0.384553499597747,"train",NA,NA,NA,NA,"MS","financials"
"413",413,0.380530973451327,"train",NA,NA,NA,NA,"MS","financials"
"414",414,0.382408152319657,"train",NA,NA,NA,NA,"MS","financials"
"415",415,0.366049879324216,"train",NA,NA,NA,NA,"MS","financials"
"416",416,0.374631268436578,"train",NA,NA,NA,NA,"MS","financials"
"417",417,0.395280235988201,"train",NA,NA,NA,NA,"MS","financials"
"418",418,0.393671225529633,"train",NA,NA,NA,NA,"MS","financials"
"419",419,0.367658889782784,"train",NA,NA,NA,NA,"MS","financials"
"420",420,0.380530973451327,"train",NA,NA,NA,NA,"MS","financials"
"421",421,0.348350764279968,"train",NA,NA,NA,NA,"MS","financials"
"422",422,0.33869670152856,"train",NA,NA,NA,NA,"MS","financials"
"423",423,0.336283185840708,"train",NA,NA,NA,NA,"MS","financials"
"424",424,0.340573880396889,"train",NA,NA,NA,NA,"MS","financials"
"425",425,0.329847144006436,"train",NA,NA,NA,NA,"MS","financials"
"426",426,0.327701796728345,"train",NA,NA,NA,NA,"MS","financials"
"427",427,0.346205417001877,"train",NA,NA,NA,NA,"MS","financials"
"428",428,0.34888710109949,"train",NA,NA,NA,NA,"MS","financials"
"429",429,0.368731563421829,"train",NA,NA,NA,NA,"MS","financials"
"430",430,0.351836953606865,"train",NA,NA,NA,NA,"MS","financials"
"431",431,0.366049879324216,"train",NA,NA,NA,NA,"MS","financials"
"432",432,0.375703942075623,"train",NA,NA,NA,NA,"MS","financials"
"433",433,0.366049879324216,"train",NA,NA,NA,NA,"MS","financials"
"434",434,0.376776615714669,"train",NA,NA,NA,NA,"MS","financials"
"435",435,0.377581120943953,"train",NA,NA,NA,NA,"MS","financials"
"436",436,0.38106731027085,"train",NA,NA,NA,NA,"MS","financials"
"437",437,0.392598551890587,"train",NA,NA,NA,NA,"MS","financials"
"438",438,0.386162510056315,"train",NA,NA,NA,NA,"MS","financials"
"439",439,0.384821668007509,"train",NA,NA,NA,NA,"MS","financials"
"440",440,0.391257709841781,"train",NA,NA,NA,NA,"MS","financials"
"441",441,0.402252614641995,"train",NA,NA,NA,NA,"MS","financials"
"442",442,0.411638508983642,"train",NA,NA,NA,NA,"MS","financials"
"443",443,0.417538213998391,"train",NA,NA,NA,NA,"MS","financials"
"444",444,0.415124698310539,"train",NA,NA,NA,NA,"MS","financials"
"445",445,0.419951729686243,"train",NA,NA,NA,NA,"MS","financials"
"446",446,0.416465540359346,"train",NA,NA,NA,NA,"MS","financials"
"447",447,0.412443014212926,"train",NA,NA,NA,NA,"MS","financials"
"448",448,0.410029498525074,"train",NA,NA,NA,NA,"MS","financials"
"449",449,0.406543309198176,"train",NA,NA,NA,NA,"MS","financials"
"450",450,0.406811477607938,"train",NA,NA,NA,NA,"MS","financials"
"451",451,0.404397961920086,"train",NA,NA,NA,NA,"MS","financials"
"452",452,0.408152319656744,"train",NA,NA,NA,NA,"MS","financials"
"453",453,0.410565835344596,"train",NA,NA,NA,NA,"MS","financials"
"454",454,0.401984446232234,"train",NA,NA,NA,NA,"MS","financials"
"455",455,0.39715741485653,"train",NA,NA,NA,NA,"MS","financials"
"456",456,0.396621078037007,"train",NA,NA,NA,NA,"MS","financials"
"457",457,0.396621078037007,"train",NA,NA,NA,NA,"MS","financials"
"458",458,0.414588361491016,"train",NA,NA,NA,NA,"MS","financials"
"459",459,0.434700992223116,"train",NA,NA,NA,NA,"MS","financials"
"460",460,0.441941539286672,"train",NA,NA,NA,NA,"MS","financials"
"461",461,0.454009117725932,"train",NA,NA,NA,NA,"MS","financials"
"462",462,0.474389916867793,"train",NA,NA,NA,NA,"MS","financials"
"463",463,0.477071600965406,"train",NA,NA,NA,NA,"MS","financials"
"464",464,0.458031643872352,"train",NA,NA,NA,NA,"MS","financials"
"465",465,0.458299812282113,"train",NA,NA,NA,NA,"MS","financials"
"466",466,0.42746044515956,"train",NA,NA,NA,NA,"MS","financials"
"467",467,0.418879056047198,"train",NA,NA,NA,NA,"MS","financials"
"468",468,0.407884151246983,"train",NA,NA,NA,NA,"MS","financials"
"469",469,0.440332528828104,"train",NA,NA,NA,NA,"MS","financials"
"470",470,0.477071600965406,"train",NA,NA,NA,NA,"MS","financials"
"471",471,0.488066505765621,"train",NA,NA,NA,NA,"MS","financials"
"472",472,0.489675516224189,"train",NA,NA,NA,NA,"MS","financials"
"473",473,0.499865915795119,"train",NA,NA,NA,NA,"MS","financials"
"474",474,0.496111558058461,"train",NA,NA,NA,NA,"MS","financials"
"475",475,0.493698042370609,"train",NA,NA,NA,NA,"MS","financials"
"476",476,0.500134084204881,"train",NA,NA,NA,NA,"MS","financials"
"477",477,0.501206757843926,"train",NA,NA,NA,NA,"MS","financials"
"478",478,0.495843389648699,"train",NA,NA,NA,NA,"MS","financials"
"479",479,0.493429873960847,"train",NA,NA,NA,NA,"MS","financials"
"480",480,0.460981496379726,"train",NA,NA,NA,NA,"MS","financials"
"481",481,0.432019308125503,"train",NA,NA,NA,NA,"MS","financials"
"482",482,0.445964065433092,"train",NA,NA,NA,NA,"MS","financials"
"483",483,0.460713327969965,"train",NA,NA,NA,NA,"MS","financials"
"484",484,0.444355054974524,"train",NA,NA,NA,NA,"MS","financials"
"485",485,0.430678466076696,"train",NA,NA,NA,NA,"MS","financials"
"486",486,0.421560740144811,"train",NA,NA,NA,NA,"MS","financials"
"487",487,0.399570930544382,"train",NA,NA,NA,NA,"MS","financials"
"488",488,0.382676320729418,"train",NA,NA,NA,NA,"MS","financials"
"489",489,0.390989541432019,"train",NA,NA,NA,NA,"MS","financials"
"490",490,0.387235183695361,"train",NA,NA,NA,NA,"MS","financials"
"491",491,0.386698846875838,"train",NA,NA,NA,NA,"MS","financials"
"492",492,0.408152319656744,"train",NA,NA,NA,NA,"MS","financials"
"493",493,0.397961920085814,"train",NA,NA,NA,NA,"MS","financials"
"494",494,0.396889246446769,"train",NA,NA,NA,NA,"MS","financials"
"495",495,0.384821668007509,"train",NA,NA,NA,NA,"MS","financials"
"496",496,0.36095467953875,"train",NA,NA,NA,NA,"MS","financials"
"497",497,0.37704478412443,"train",NA,NA,NA,NA,"MS","financials"
"498",498,0.362027353177796,"train",NA,NA,NA,NA,"MS","financials"
"499",499,0.378385626173237,"train",NA,NA,NA,NA,"MS","financials"
"500",500,0.395012067578439,"train",NA,NA,NA,NA,"MS","financials"
"501",501,0.387771520514883,"train",NA,NA,NA,NA,"MS","financials"
"502",502,0.392062215071065,"train",NA,NA,NA,NA,"MS","financials"
"503",503,0.415124698310539,"train",NA,NA,NA,NA,"MS","financials"
"504",504,0.410834003754358,"train",NA,NA,NA,NA,"MS","financials"
"505",505,0.425046929471708,"train",NA,NA,NA,NA,"MS","financials"
"506",506,0.430678466076696,"train",NA,NA,NA,NA,"MS","financials"
"507",507,0.444891391794047,"train",NA,NA,NA,NA,"MS","financials"
"508",508,0.441673370876911,"train",NA,NA,NA,NA,"MS","financials"
"509",509,0.445427728613569,"train",NA,NA,NA,NA,"MS","financials"
"510",510,0.430678466076696,"train",NA,NA,NA,NA,"MS","financials"
"511",511,0.429605792437651,"train",NA,NA,NA,NA,"MS","financials"
"512",512,0.440600697237865,"train",NA,NA,NA,NA,"MS","financials"
"513",513,0.427996781979083,"train",NA,NA,NA,NA,"MS","financials"
"514",514,0.440600697237865,"train",NA,NA,NA,NA,"MS","financials"
"515",515,0.436578171091445,"train",NA,NA,NA,NA,"MS","financials"
"516",516,0.422365245374095,"train",NA,NA,NA,NA,"MS","financials"
"517",517,0.415124698310539,"train",NA,NA,NA,NA,"MS","financials"
"518",518,0.427192276749799,"train",NA,NA,NA,NA,"MS","financials"
"519",519,0.415929203539823,"train",NA,NA,NA,NA,"MS","financials"
"520",520,0.396352909627246,"train",NA,NA,NA,NA,"MS","financials"
"521",521,0.407884151246983,"train",NA,NA,NA,NA,"MS","financials"
"522",522,0.408152319656744,"train",NA,NA,NA,NA,"MS","financials"
"523",523,0.411906677393403,"train",NA,NA,NA,NA,"MS","financials"
"524",524,0.390721373022258,"train",NA,NA,NA,NA,"MS","financials"
"525",525,0.392598551890587,"train",NA,NA,NA,NA,"MS","financials"
"526",526,0.449986591579512,"train",NA,NA,NA,NA,"MS","financials"
"527",527,0.430142129257173,"train",NA,NA,NA,NA,"MS","financials"
"528",528,0.440332528828104,"train",NA,NA,NA,NA,"MS","financials"
"529",529,0.4355054974524,"train",NA,NA,NA,NA,"MS","financials"
"530",530,0.440332528828104,"train",NA,NA,NA,NA,"MS","financials"
"531",531,0.423706087422902,"train",NA,NA,NA,NA,"MS","financials"
"532",532,0.434164655403593,"train",NA,NA,NA,NA,"MS","financials"
"533",533,0.429069455618128,"train",NA,NA,NA,NA,"MS","financials"
"534",534,0.427192276749799,"train",NA,NA,NA,NA,"MS","financials"
"535",535,0.406006972378654,"train",NA,NA,NA,NA,"MS","financials"
"536",536,0.410565835344596,"train",NA,NA,NA,NA,"MS","financials"
"537",537,0.416197371949584,"train",NA,NA,NA,NA,"MS","financials"
"538",538,0.429069455618128,"train",NA,NA,NA,NA,"MS","financials"
"539",539,0.412443014212926,"train",NA,NA,NA,NA,"MS","financials"
"540",540,0.419951729686243,"train",NA,NA,NA,NA,"MS","financials"
"541",541,0.422365245374095,"train",NA,NA,NA,NA,"MS","financials"
"542",542,0.418342719227675,"train",NA,NA,NA,NA,"MS","financials"
"543",543,0.419147224456959,"train",NA,NA,NA,NA,"MS","financials"
"544",544,0.427728613569321,"train",NA,NA,NA,NA,"MS","financials"
"545",545,0.437919013140252,"train",NA,NA,NA,NA,"MS","financials"
"546",546,0.427192276749799,"train",NA,NA,NA,NA,"MS","financials"
"547",547,0.428801287208367,"train",NA,NA,NA,NA,"MS","financials"
"548",548,0.443282381335479,"train",NA,NA,NA,NA,"MS","financials"
"549",549,0.458031643872352,"train",NA,NA,NA,NA,"MS","financials"
"550",550,0.457227138643068,"train",NA,NA,NA,NA,"MS","financials"
"551",551,0.440868865647627,"train",NA,NA,NA,NA,"MS","financials"
"552",552,0.446500402252615,"train",NA,NA,NA,NA,"MS","financials"
"553",553,0.440868865647627,"train",NA,NA,NA,NA,"MS","financials"
"554",554,0.452936444086887,"train",NA,NA,NA,NA,"MS","financials"
"555",555,0.457763475462591,"train",NA,NA,NA,NA,"MS","financials"
"556",556,0.457227138643068,"train",NA,NA,NA,NA,"MS","financials"
"557",557,0.448913917940466,"train",NA,NA,NA,NA,"MS","financials"
"558",558,0.448645749530705,"train",NA,NA,NA,NA,"MS","financials"
"559",559,0.460713327969965,"train",NA,NA,NA,NA,"MS","financials"
"560",560,0.455886296594261,"train",NA,NA,NA,NA,"MS","financials"
"561",561,0.461249664789488,"train",NA,NA,NA,NA,"MS","financials"
"562",562,0.471976401179941,"train",NA,NA,NA,NA,"MS","financials"
"563",563,0.45964065433092,"train",NA,NA,NA,NA,"MS","financials"
"564",564,0.448913917940466,"train",NA,NA,NA,NA,"MS","financials"
"565",565,0.462054170018772,"train",NA,NA,NA,NA,"MS","financials"
"566",566,0.471440064360418,"train",NA,NA,NA,NA,"MS","financials"
"567",567,0.481094127111826,"train",NA,NA,NA,NA,"MS","financials"
"568",568,0.466881201394476,"train",NA,NA,NA,NA,"MS","financials"
"569",569,0.468490211853044,"train",NA,NA,NA,NA,"MS","financials"
"570",570,0.478144274604452,"train",NA,NA,NA,NA,"MS","financials"
"571",571,0.470367390721373,"train",NA,NA,NA,NA,"MS","financials"
"572",572,0.483239474389917,"train",NA,NA,NA,NA,"MS","financials"
"573",573,0.492893537141325,"train",NA,NA,NA,NA,"MS","financials"
"574",574,0.483239474389917,"train",NA,NA,NA,NA,"MS","financials"
"575",575,0.475462590506838,"train",NA,NA,NA,NA,"MS","financials"
"576",576,0.478948779833736,"train",NA,NA,NA,NA,"MS","financials"
"577",577,0.468758380262805,"train",NA,NA,NA,NA,"MS","financials"
"578",578,0.491016358272995,"train",NA,NA,NA,NA,"MS","financials"
"579",579,0.49396621078037,"train",NA,NA,NA,NA,"MS","financials"
"580",580,0.47975328506302,"train",NA,NA,NA,NA,"MS","financials"
"581",581,0.48994368463395,"train",NA,NA,NA,NA,"MS","financials"
"582",582,0.488334674175382,"train",NA,NA,NA,NA,"MS","financials"
"583",583,0.501474926253687,"train",NA,NA,NA,NA,"MS","financials"
"584",584,0.493161705551086,"train",NA,NA,NA,NA,"MS","financials"
"585",585,0.508983641727004,"train",NA,NA,NA,NA,"MS","financials"
"586",586,0.503620273531778,"train",NA,NA,NA,NA,"MS","financials"
"587",587,0.504692947170823,"train",NA,NA,NA,NA,"MS","financials"
"588",588,0.525073746312684,"train",NA,NA,NA,NA,"MS","financials"
"589",589,0.524537409493162,"train",NA,NA,NA,NA,"MS","financials"
"590",590,0.517565030839367,"train",NA,NA,NA,NA,"MS","financials"
"591",591,0.515419683561276,"train",NA,NA,NA,NA,"MS","financials"
"592",592,0.521051220166264,"train",NA,NA,NA,NA,"MS","financials"
"593",593,0.516760525610083,"train",NA,NA,NA,NA,"MS","financials"
"594",594,0.522392062215071,"train",NA,NA,NA,NA,"MS","financials"
"595",595,0.511128989005095,"train",NA,NA,NA,NA,"MS","financials"
"596",596,0.524001072673639,"train",NA,NA,NA,NA,"MS","financials"
"597",597,0.533655135425047,"train",NA,NA,NA,NA,"MS","financials"
"598",598,0.518369536068651,"train",NA,NA,NA,NA,"MS","financials"
"599",599,0.507106462858675,"train",NA,NA,NA,NA,"MS","financials"
"600",600,0.514615178331992,"train",NA,NA,NA,NA,"MS","financials"
"601",601,0.482703137570394,"train",NA,NA,NA,NA,"MS","financials"
"602",602,0.495575221238938,"train",NA,NA,NA,NA,"MS","financials"
"603",603,0.510860820595334,"train",NA,NA,NA,NA,"MS","financials"
"604",604,0.501206757843926,"train",NA,NA,NA,NA,"MS","financials"
"605",605,0.497184231697506,"train",NA,NA,NA,NA,"MS","financials"
"606",606,0.491016358272995,"train",NA,NA,NA,NA,"MS","financials"
"607",607,0.468758380262805,"train",NA,NA,NA,NA,"MS","financials"
"608",608,0.477071600965406,"train",NA,NA,NA,NA,"MS","financials"
"609",609,0.491552695092518,"train",NA,NA,NA,NA,"MS","financials"
"610",610,0.509788146956288,"train",NA,NA,NA,NA,"MS","financials"
"611",611,0.52024671493698,"train",NA,NA,NA,NA,"MS","financials"
"612",612,0.519978546527219,"train",NA,NA,NA,NA,"MS","financials"
"613",613,0.525610083132207,"train",NA,NA,NA,NA,"MS","financials"
"614",614,0.533386967015286,"train",NA,NA,NA,NA,"MS","financials"
"615",615,0.529096272459104,"train",NA,NA,NA,NA,"MS","financials"
"616",616,0.53016894609815,"train",NA,NA,NA,NA,"MS","financials"
"617",617,0.542504692947171,"train",NA,NA,NA,NA,"MS","financials"
"618",618,0.526414588361491,"train",NA,NA,NA,NA,"MS","financials"
"619",619,0.517296862429606,"train",NA,NA,NA,NA,"MS","financials"
"620",620,0.507910968087959,"train",NA,NA,NA,NA,"MS","financials"
"621",621,0.507910968087959,"train",NA,NA,NA,NA,"MS","financials"
"622",622,0.508983641727004,"train",NA,NA,NA,NA,"MS","financials"
"623",623,0.509251810136766,"train",NA,NA,NA,NA,"MS","financials"
"624",624,0.496916063287745,"train",NA,NA,NA,NA,"MS","financials"
"625",625,0.494770716009654,"train",NA,NA,NA,NA,"MS","financials"
"626",626,0.499061410565835,"train",NA,NA,NA,NA,"MS","financials"
"627",627,0.501206757843926,"train",NA,NA,NA,NA,"MS","financials"
"628",628,0.499329578975597,"train",NA,NA,NA,NA,"MS","financials"
"629",629,0.48994368463395,"train",NA,NA,NA,NA,"MS","financials"
"630",630,0.503352105122017,"train",NA,NA,NA,NA,"MS","financials"
"631",631,0.472244569589702,"train",NA,NA,NA,NA,"MS","financials"
"632",632,0.462858675248056,"train",NA,NA,NA,NA,"MS","financials"
"633",633,0.46768570662376,"train",NA,NA,NA,NA,"MS","financials"
"634",634,0.475730758916599,"train",NA,NA,NA,NA,"MS","financials"
"635",635,0.478144274604452,"train",NA,NA,NA,NA,"MS","financials"
"636",636,0.469562885492089,"train",NA,NA,NA,NA,"MS","financials"
"637",637,0.459372485921158,"train",NA,NA,NA,NA,"MS","financials"
"638",638,0.42531509788147,"train",NA,NA,NA,NA,"MS","financials"
"639",639,0.372754089568249,"train",NA,NA,NA,NA,"MS","financials"
"640",640,0.320461249664789,"train",NA,NA,NA,NA,"MS","financials"
"641",641,0.307052829176723,"train",NA,NA,NA,NA,"MS","financials"
"642",642,0.348350764279968,"train",NA,NA,NA,NA,"MS","financials"
"643",643,0.375167605256101,"train",NA,NA,NA,NA,"MS","financials"
"644",644,0.368463395012067,"train",NA,NA,NA,NA,"MS","financials"
"645",645,0.379190131402521,"train",NA,NA,NA,NA,"MS","financials"
"646",646,0.343523732904264,"train",NA,NA,NA,NA,"MS","financials"
"647",647,0.361491016358273,"train",NA,NA,NA,NA,"MS","financials"
"648",648,0.361759184768034,"train",NA,NA,NA,NA,"MS","financials"
"649",649,0.345400911772593,"train",NA,NA,NA,NA,"MS","financials"
"650",650,0.374363100026817,"train",NA,NA,NA,NA,"MS","financials"
"651",651,0.360418342719228,"train",NA,NA,NA,NA,"MS","financials"
"652",652,0.363636363636364,"train",NA,NA,NA,NA,"MS","financials"
"653",653,0.3668543845535,"train",NA,NA,NA,NA,"MS","financials"
"654",654,0.362027353177796,"train",NA,NA,NA,NA,"MS","financials"
"655",655,0.382676320729418,"train",NA,NA,NA,NA,"MS","financials"
"656",656,0.383748994368463,"train",NA,NA,NA,NA,"MS","financials"
"657",657,0.368463395012067,"train",NA,NA,NA,NA,"MS","financials"
"658",658,0.341110217216412,"train",NA,NA,NA,NA,"MS","financials"
"659",659,0.349423437919013,"train",NA,NA,NA,NA,"MS","financials"
"660",660,0.325288281040493,"train",NA,NA,NA,NA,"MS","financials"
"661",661,0.322070260123357,"train",NA,NA,NA,NA,"MS","financials"
"662",662,0.312684365781711,"train",NA,NA,NA,NA,"MS","financials"
"663",663,0.31858407079646,"train",NA,NA,NA,NA,"MS","financials"
"664",664,0.289085545722714,"train",NA,NA,NA,NA,"MS","financials"
"665",665,0.286940198444623,"train",NA,NA,NA,NA,"MS","financials"
"666",666,0.300080450522928,"train",NA,NA,NA,NA,"MS","financials"
"667",667,0.300080450522928,"train",NA,NA,NA,NA,"MS","financials"
"668",668,0.298203271654599,"train",NA,NA,NA,NA,"MS","financials"
"669",669,0.321265754894073,"train",NA,NA,NA,NA,"MS","financials"
"670",670,0.323142933762403,"train",NA,NA,NA,NA,"MS","financials"
"671",671,0.338428533118799,"train",NA,NA,NA,NA,"MS","financials"
"672",672,0.340037543577367,"train",NA,NA,NA,NA,"MS","financials"
"673",673,0.332796996513811,"train",NA,NA,NA,NA,"MS","financials"
"674",674,0.334942343791901,"train",NA,NA,NA,NA,"MS","financials"
"675",675,0.329847144006436,"train",NA,NA,NA,NA,"MS","financials"
"676",676,0.327969965138107,"train",NA,NA,NA,NA,"MS","financials"
"677",677,0.356663984982569,"train",NA,NA,NA,NA,"MS","financials"
"678",678,0.365781710914454,"train",NA,NA,NA,NA,"MS","financials"
"679",679,0.322070260123357,"train",NA,NA,NA,NA,"MS","financials"
"680",680,0.320193081255028,"train",NA,NA,NA,NA,"MS","financials"
"681",681,0.299544113703406,"train",NA,NA,NA,NA,"MS","financials"
"682",682,0.322874765352641,"train",NA,NA,NA,NA,"MS","financials"
"683",683,0.330115312416197,"train",NA,NA,NA,NA,"MS","financials"
"684",684,0.328238133547868,"train",NA,NA,NA,NA,"MS","financials"
"685",685,0.319656744435505,"train",NA,NA,NA,NA,"MS","financials"
"686",686,0.352105122016626,"train",NA,NA,NA,NA,"MS","financials"
"687",687,0.35478680611424,"train",NA,NA,NA,NA,"MS","financials"
"688",688,0.339501206757844,"train",NA,NA,NA,NA,"MS","financials"
"689",689,0.353177795655672,"train",NA,NA,NA,NA,"MS","financials"
"690",690,0.348082595870206,"train",NA,NA,NA,NA,"MS","financials"
"691",691,0.351032448377581,"train",NA,NA,NA,NA,"MS","financials"
"692",692,0.363904532046125,"train",NA,NA,NA,NA,"MS","financials"
"693",693,0.404934298739608,"train",NA,NA,NA,NA,"MS","financials"
"694",694,0.396889246446769,"train",NA,NA,NA,NA,"MS","financials"
"695",695,0.400375435773666,"train",NA,NA,NA,NA,"MS","financials"
"696",696,0.394475730758917,"train",NA,NA,NA,NA,"MS","financials"
"697",697,0.373290426387771,"train",NA,NA,NA,NA,"MS","financials"
"698",698,0.365245374094932,"train",NA,NA,NA,NA,"MS","financials"
"699",699,0.368463395012067,"train",NA,NA,NA,NA,"MS","financials"
"700",700,0.356127648163046,"train",NA,NA,NA,NA,"MS","financials"
"701",701,0.373826763207294,"train",NA,NA,NA,NA,"MS","financials"
"702",702,0.371681415929204,"train",NA,NA,NA,NA,"MS","financials"
"703",703,0.364709037275409,"train",NA,NA,NA,NA,"MS","financials"
"704",704,0.357468490211853,"train",NA,NA,NA,NA,"MS","financials"
"705",705,0.356127648163046,"train",NA,NA,NA,NA,"MS","financials"
"706",706,0.356663984982569,"train",NA,NA,NA,NA,"MS","financials"
"707",707,0.361222847948512,"train",NA,NA,NA,NA,"MS","financials"
"708",708,0.375167605256101,"train",NA,NA,NA,NA,"MS","financials"
"709",709,0.40117994100295,"train",NA,NA,NA,NA,"MS","financials"
"710",710,0.390989541432019,"train",NA,NA,NA,NA,"MS","financials"
"711",711,0.379190131402521,"train",NA,NA,NA,NA,"MS","financials"
"712",712,0.402520783051756,"train",NA,NA,NA,NA,"MS","financials"
"713",713,0.385358004827031,"train",NA,NA,NA,NA,"MS","financials"
"714",714,0.368731563421829,"train",NA,NA,NA,NA,"MS","financials"
"715",715,0.350227943148297,"train",NA,NA,NA,NA,"MS","financials"
"716",716,0.351568785197104,"train",NA,NA,NA,NA,"MS","financials"
"717",717,0.315634218289085,"train",NA,NA,NA,NA,"MS","financials"
"718",718,0.310270850093859,"train",NA,NA,NA,NA,"MS","financials"
"719",719,0.336015017430947,"train",NA,NA,NA,NA,"MS","financials"
"720",720,0.356663984982569,"train",NA,NA,NA,NA,"MS","financials"
"721",721,0.323679270581925,"train",NA,NA,NA,NA,"MS","financials"
"722",722,0.29444891391794,"train",NA,NA,NA,NA,"MS","financials"
"723",723,0.304907481898632,"train",NA,NA,NA,NA,"MS","financials"
"724",724,0.319388576025744,"train",NA,NA,NA,NA,"MS","financials"
"725",725,0.329578975596675,"train",NA,NA,NA,NA,"MS","financials"
"726",726,0.326360954679539,"train",NA,NA,NA,NA,"MS","financials"
"727",727,0.318047733976938,"train",NA,NA,NA,NA,"MS","financials"
"728",728,0.328238133547868,"train",NA,NA,NA,NA,"MS","financials"
"729",729,0.319656744435505,"train",NA,NA,NA,NA,"MS","financials"
"730",730,0.30839367122553,"train",NA,NA,NA,NA,"MS","financials"
"731",731,0.299544113703406,"train",NA,NA,NA,NA,"MS","financials"
"732",732,0.294180745508179,"train",NA,NA,NA,NA,"MS","financials"
"733",733,0.273263609546795,"train",NA,NA,NA,NA,"MS","financials"
"734",734,0.232502011263073,"train",NA,NA,NA,NA,"MS","financials"
"735",735,0.216411906677393,"train",NA,NA,NA,NA,"MS","financials"
"736",736,0.218557253955484,"train",NA,NA,NA,NA,"MS","financials"
"737",737,0.218557253955484,"train",NA,NA,NA,NA,"MS","financials"
"738",738,0.176454813622955,"train",NA,NA,NA,NA,"MS","financials"
"739",739,0.18342719227675,"train",NA,NA,NA,NA,"MS","financials"
"740",740,0.151783319924913,"train",NA,NA,NA,NA,"MS","financials"
"741",741,0.159560203807991,"train",NA,NA,NA,NA,"MS","financials"
"742",742,0.132207026012336,"train",NA,NA,NA,NA,"MS","financials"
"743",743,0.119871279163315,"train",NA,NA,NA,NA,"MS","financials"
"744",744,0.142129257173505,"train",NA,NA,NA,NA,"MS","financials"
"745",745,0.125234647358541,"train",NA,NA,NA,NA,"MS","financials"
"746",746,0.138911236256369,"train",NA,NA,NA,NA,"MS","financials"
"747",747,0.135693215339233,"train",NA,NA,NA,NA,"MS","financials"
"748",748,0.130329847144006,"train",NA,NA,NA,NA,"MS","financials"
"749",749,0.149369804237061,"train",NA,NA,NA,NA,"MS","financials"
"750",750,0.144810941271118,"train",NA,NA,NA,NA,"MS","financials"
"751",751,0.112362563689997,"train",NA,NA,NA,NA,"MS","financials"
"752",752,0.107535532314293,"train",NA,NA,NA,NA,"MS","financials"
"753",753,0.126039152587825,"train",NA,NA,NA,NA,"MS","financials"
"754",754,0.108340037543577,"train",NA,NA,NA,NA,"MS","financials"
"755",755,0.063287744703674,"train",NA,NA,NA,NA,"MS","financials"
"756",756,0.0702601233574685,"train",NA,NA,NA,NA,"MS","financials"
"757",757,0.0640922499329579,"train",NA,NA,NA,NA,"MS","financials"
"758",758,0.0370072405470636,"train",NA,NA,NA,NA,"MS","financials"
"759",759,0.0745508179136498,"train",NA,NA,NA,NA,"MS","financials"
"760",760,0.0914454277286136,"train",NA,NA,NA,NA,"MS","financials"
"761",761,0.105122016626441,"train",NA,NA,NA,NA,"MS","financials"
"762",762,0.0978814695628855,"train",NA,NA,NA,NA,"MS","financials"
"763",763,0.0989541432019308,"train",NA,NA,NA,NA,"MS","financials"
"764",764,0.113435237329043,"train",NA,NA,NA,NA,"MS","financials"
"765",765,0.0911772593188523,"train",NA,NA,NA,NA,"MS","financials"
"766",766,0.0911772593188523,"train",NA,NA,NA,NA,"MS","financials"
"767",767,0.115848753016895,"train",NA,NA,NA,NA,"MS","financials"
"768",768,0.130061678734245,"train",NA,NA,NA,NA,"MS","financials"
"769",769,0.117725931885224,"train",NA,NA,NA,NA,"MS","financials"
"770",770,0.155001340842049,"train",NA,NA,NA,NA,"MS","financials"
"771",771,0.155537677661571,"train",NA,NA,NA,NA,"MS","financials"
"772",772,0.156342182890855,"train",NA,NA,NA,NA,"MS","financials"
"773",773,0.156074014481094,"train",NA,NA,NA,NA,"MS","financials"
"774",774,0.155001340842049,"train",NA,NA,NA,NA,"MS","financials"
"775",775,0.126039152587825,"train",NA,NA,NA,NA,"MS","financials"
"776",776,0.115312416197372,"train",NA,NA,NA,NA,"MS","financials"
"777",777,0.116385089836417,"train",NA,NA,NA,NA,"MS","financials"
"778",778,0.152587825154197,"train",NA,NA,NA,NA,"MS","financials"
"779",779,0.150174309466345,"train",NA,NA,NA,NA,"MS","financials"
"780",780,0.137302225797801,"train",NA,NA,NA,NA,"MS","financials"
"781",781,0.130061678734245,"train",NA,NA,NA,NA,"MS","financials"
"782",782,0.148565299007777,"train",NA,NA,NA,NA,"MS","financials"
"783",783,0.160096540627514,"train",NA,NA,NA,NA,"MS","financials"
"784",784,0.150978814695629,"train",NA,NA,NA,NA,"MS","financials"
"785",785,0.148297130598016,"train",NA,NA,NA,NA,"MS","financials"
"786",786,0.13301153124162,"train",NA,NA,NA,NA,"MS","financials"
"787",787,0.123893805309735,"train",NA,NA,NA,NA,"MS","financials"
"788",788,0.118262268704747,"train",NA,NA,NA,NA,"MS","financials"
"789",789,0.119871279163315,"train",NA,NA,NA,NA,"MS","financials"
"790",790,0.127648163046393,"train",NA,NA,NA,NA,"MS","financials"
"791",791,0.126039152587825,"train",NA,NA,NA,NA,"MS","financials"
"792",792,0.139983909895414,"train",NA,NA,NA,NA,"MS","financials"
"793",793,0.126843657817109,"train",NA,NA,NA,NA,"MS","financials"
"794",794,0.109144542772861,"train",NA,NA,NA,NA,"MS","financials"
"795",795,0.110217216411907,"train",NA,NA,NA,NA,"MS","financials"
"796",796,0.0914454277286136,"train",NA,NA,NA,NA,"MS","financials"
"797",797,0.0922499329578976,"train",NA,NA,NA,NA,"MS","financials"
"798",798,0.101903995709305,"train",NA,NA,NA,NA,"MS","financials"
"799",799,0.114507910968088,"train",NA,NA,NA,NA,"MS","financials"
"800",800,0.149369804237061,"train",NA,NA,NA,NA,"MS","financials"
"801",801,0.157146688120139,"train",NA,NA,NA,NA,"MS","financials"
"802",802,0.146151783319925,"train",NA,NA,NA,NA,"MS","financials"
"803",803,0.145347278090641,"train",NA,NA,NA,NA,"MS","financials"
"804",804,0.164923572003218,"train",NA,NA,NA,NA,"MS","financials"
"805",805,0.190399570930544,"train",NA,NA,NA,NA,"MS","financials"
"806",806,0.186377044784124,"train",NA,NA,NA,NA,"MS","financials"
"807",807,0.198176454813623,"train",NA,NA,NA,NA,"MS","financials"
"808",808,0.19361759184768,"train",NA,NA,NA,NA,"MS","financials"
"809",809,0.194422097076964,"train",NA,NA,NA,NA,"MS","financials"
"810",810,0.19361759184768,"train",NA,NA,NA,NA,"MS","financials"
"811",811,0.18557253955484,"train",NA,NA,NA,NA,"MS","financials"
"812",812,0.181013676588898,"train",NA,NA,NA,NA,"MS","financials"
"813",813,0.186377044784124,"train",NA,NA,NA,NA,"MS","financials"
"814",814,0.176454813622955,"train",NA,NA,NA,NA,"MS","financials"
"815",815,0.160096540627514,"train",NA,NA,NA,NA,"MS","financials"
"816",816,0.157146688120139,"train",NA,NA,NA,NA,"MS","financials"
"817",817,0.15929203539823,"train",NA,NA,NA,NA,"MS","financials"
"818",818,0.15526950925181,"train",NA,NA,NA,NA,"MS","financials"
"819",819,0.169482434969161,"train",NA,NA,NA,NA,"MS","financials"
"820",820,0.162241887905605,"train",NA,NA,NA,NA,"MS","financials"
"821",821,0.158755698578707,"train",NA,NA,NA,NA,"MS","financials"
"822",822,0.149637972646822,"train",NA,NA,NA,NA,"MS","financials"
"823",823,0.158219361759185,"train",NA,NA,NA,NA,"MS","financials"
"824",824,0.156878519710378,"train",NA,NA,NA,NA,"MS","financials"
"825",825,0.185840707964602,"train",NA,NA,NA,NA,"MS","financials"
"826",826,0.168946098149638,"train",NA,NA,NA,NA,"MS","financials"
"827",827,0.173236792705819,"train",NA,NA,NA,NA,"MS","financials"
"828",828,0.174845803164387,"train",NA,NA,NA,NA,"MS","financials"
"829",829,0.190399570930544,"train",NA,NA,NA,NA,"MS","financials"
"830",830,0.200321802091714,"train",NA,NA,NA,NA,"MS","financials"
"831",831,0.190667739340306,"train",NA,NA,NA,NA,"MS","financials"
"832",832,0.19361759184768,"train",NA,NA,NA,NA,"MS","financials"
"833",833,0.189326897291499,"train",NA,NA,NA,NA,"MS","financials"
"834",834,0.192544918208635,"train",NA,NA,NA,NA,"MS","financials"
"835",835,0.186913381603647,"train",NA,NA,NA,NA,"MS","financials"
"836",836,0.167068919281309,"train",NA,NA,NA,NA,"MS","financials"
"837",837,0.17538213998391,"train",NA,NA,NA,NA,"MS","financials"
"838",838,0.166532582461786,"train",NA,NA,NA,NA,"MS","financials"
"839",839,0.167068919281309,"train",NA,NA,NA,NA,"MS","financials"
"840",840,0.154733172432287,"train",NA,NA,NA,NA,"MS","financials"
"841",841,0.140252078305176,"train",NA,NA,NA,NA,"MS","financials"
"842",842,0.132743362831858,"train",NA,NA,NA,NA,"MS","financials"
"843",843,0.115044247787611,"train",NA,NA,NA,NA,"MS","financials"
"844",844,0.118262268704747,"train",NA,NA,NA,NA,"MS","financials"
"845",845,0.127648163046393,"train",NA,NA,NA,NA,"MS","financials"
"846",846,0.134084204880665,"train",NA,NA,NA,NA,"MS","financials"
"847",847,0.149906141056584,"train",NA,NA,NA,NA,"MS","financials"
"848",848,0.157951193349423,"train",NA,NA,NA,NA,"MS","financials"
"849",849,0.163046393134889,"train",NA,NA,NA,NA,"MS","financials"
"850",850,0.187181550013408,"train",NA,NA,NA,NA,"MS","financials"
"851",851,0.11289890050952,"train",NA,NA,NA,NA,"MS","financials"
"852",852,0.0884955752212389,"train",NA,NA,NA,NA,"MS","financials"
"853",853,0.115312416197372,"train",NA,NA,NA,NA,"MS","financials"
"854",854,0.131938857602574,"train",NA,NA,NA,NA,"MS","financials"
"855",855,0.152051488334674,"train",NA,NA,NA,NA,"MS","financials"
"856",856,0.150442477876106,"train",NA,NA,NA,NA,"MS","financials"
"857",857,0.125770984178064,"train",NA,NA,NA,NA,"MS","financials"
"858",858,0.129793510324484,"train",NA,NA,NA,NA,"MS","financials"
"859",859,0.144274604451596,"train",NA,NA,NA,NA,"MS","financials"
"860",860,0.162510056315366,"train",NA,NA,NA,NA,"MS","financials"
"861",861,0.164923572003218,"train",NA,NA,NA,NA,"MS","financials"
"862",862,0.189326897291499,"train",NA,NA,NA,NA,"MS","financials"
"863",863,0.183695360686511,"train",NA,NA,NA,NA,"MS","financials"
"864",864,0.206221507106463,"train",NA,NA,NA,NA,"MS","financials"
"865",865,0.206489675516224,"train",NA,NA,NA,NA,"MS","financials"
"866",866,0.211853043711451,"train",NA,NA,NA,NA,"MS","financials"
"867",867,0.211316706891928,"train",NA,NA,NA,NA,"MS","financials"
"868",868,0.227138643067847,"train",NA,NA,NA,NA,"MS","financials"
"869",869,0.229552158755699,"train",NA,NA,NA,NA,"MS","financials"
"870",870,0.230893000804505,"train",NA,NA,NA,NA,"MS","financials"
"871",871,0.236524537409493,"train",NA,NA,NA,NA,"MS","financials"
"872",872,0.239474389916868,"train",NA,NA,NA,NA,"MS","financials"
"873",873,0.233574684902119,"train",NA,NA,NA,NA,"MS","financials"
"874",874,0.229283990345937,"train",NA,NA,NA,NA,"MS","financials"
"875",875,0.22579780101904,"train",NA,NA,NA,NA,"MS","financials"
"876",876,0.219629927594529,"train",NA,NA,NA,NA,"MS","financials"
"877",877,0.206221507106463,"train",NA,NA,NA,NA,"MS","financials"
"878",878,0.217484580316439,"train",NA,NA,NA,NA,"MS","financials"
"879",879,0.21373022257978,"train",NA,NA,NA,NA,"MS","financials"
"880",880,0.233306516492357,"train",NA,NA,NA,NA,"MS","financials"
"881",881,0.236256368999732,"train",NA,NA,NA,NA,"MS","financials"
"882",882,0.242156074014481,"train",NA,NA,NA,NA,"MS","financials"
"883",883,0.23598820058997,"train",NA,NA,NA,NA,"MS","financials"
"884",884,0.243228747653526,"train",NA,NA,NA,NA,"MS","financials"
"885",885,0.237597211048539,"train",NA,NA,NA,NA,"MS","financials"
"886",886,0.250737463126844,"train",NA,NA,NA,NA,"MS","financials"
"887",887,0.266559399302762,"train",NA,NA,NA,NA,"MS","financials"
"888",888,0.269777420219898,"train",NA,NA,NA,NA,"MS","financials"
"889",889,0.274604451595602,"train",NA,NA,NA,NA,"MS","financials"
"890",890,0.274604451595602,"train",NA,NA,NA,NA,"MS","financials"
"891",891,0.275945293644409,"train",NA,NA,NA,NA,"MS","financials"
"892",892,0.279163314561545,"train",NA,NA,NA,NA,"MS","financials"
"893",893,0.28425851434701,"train",NA,NA,NA,NA,"MS","financials"
"894",894,0.285867524805578,"train",NA,NA,NA,NA,"MS","financials"
"895",895,0.290962724591043,"train",NA,NA,NA,NA,"MS","financials"
"896",896,0.297666934835076,"train",NA,NA,NA,NA,"MS","financials"
"897",897,0.31858407079646,"train",NA,NA,NA,NA,"MS","financials"
"898",898,0.315097881469563,"train",NA,NA,NA,NA,"MS","financials"
"899",899,0.311075355323143,"train",NA,NA,NA,NA,"MS","financials"
"900",900,0.31053901850362,"train",NA,NA,NA,NA,"MS","financials"
"901",901,0.306784660766962,"train",NA,NA,NA,NA,"MS","financials"
"902",902,0.305175650308394,"train",NA,NA,NA,NA,"MS","financials"
"903",903,0.31456154465004,"train",NA,NA,NA,NA,"MS","financials"
"904",904,0.30249396621078,"train",NA,NA,NA,NA,"MS","financials"
"905",905,0.319924912845267,"train",NA,NA,NA,NA,"MS","financials"
"906",906,0.299007776883883,"train",NA,NA,NA,NA,"MS","financials"
"907",907,0.301689460981496,"train",NA,NA,NA,NA,"MS","financials"
"908",908,0.312148028962188,"train",NA,NA,NA,NA,"MS","financials"
"909",909,0.30249396621078,"train",NA,NA,NA,NA,"MS","financials"
"910",910,0.302762134620542,"train",NA,NA,NA,NA,"MS","financials"
"911",911,0.305443818718155,"train",NA,NA,NA,NA,"MS","financials"
"912",912,0.311343523732904,"train",NA,NA,NA,NA,"MS","financials"
"913",913,0.319924912845267,"train",NA,NA,NA,NA,"MS","financials"
"914",914,0.311075355323143,"train",NA,NA,NA,NA,"MS","financials"
"915",915,0.287476535264146,"train",NA,NA,NA,NA,"MS","financials"
"916",916,0.296057924376508,"train",NA,NA,NA,NA,"MS","financials"
"917",917,0.307320997586484,"train",NA,NA,NA,NA,"MS","financials"
"918",918,0.287744703673907,"train",NA,NA,NA,NA,"MS","financials"
"919",919,0.315097881469563,"train",NA,NA,NA,NA,"MS","financials"
"920",920,0.312148028962188,"train",NA,NA,NA,NA,"MS","financials"
"921",921,0.31456154465004,"train",NA,NA,NA,NA,"MS","financials"
"922",922,0.328506301957629,"train",NA,NA,NA,NA,"MS","financials"
"923",923,0.323947438991687,"train",NA,NA,NA,NA,"MS","financials"
"924",924,0.321802091713596,"train",NA,NA,NA,NA,"MS","financials"
"925",925,0.328506301957629,"train",NA,NA,NA,NA,"MS","financials"
"926",926,0.318315902386699,"train",NA,NA,NA,NA,"MS","financials"
"927",927,0.311075355323143,"train",NA,NA,NA,NA,"MS","financials"
"928",928,0.306248323947439,"train",NA,NA,NA,NA,"MS","financials"
"929",929,0.315366049879324,"train",NA,NA,NA,NA,"MS","financials"
"930",930,0.307857334406007,"train",NA,NA,NA,NA,"MS","financials"
"931",931,0.322070260123357,"train",NA,NA,NA,NA,"MS","financials"
"932",932,0.338428533118799,"train",NA,NA,NA,NA,"MS","financials"
"933",933,0.337624027889515,"train",NA,NA,NA,NA,"MS","financials"
"934",934,0.352105122016626,"train",NA,NA,NA,NA,"MS","financials"
"935",935,0.350496111558058,"train",NA,NA,NA,NA,"MS","financials"
"936",936,0.349691606328774,"train",NA,NA,NA,NA,"MS","financials"
"937",937,0.356127648163046,"train",NA,NA,NA,NA,"MS","financials"
"938",938,0.362295521587557,"train",NA,NA,NA,NA,"MS","financials"
"939",939,0.354250469294717,"train",NA,NA,NA,NA,"MS","financials"
"940",940,0.355591311343524,"train",NA,NA,NA,NA,"MS","financials"
"941",941,0.349959774738536,"train",NA,NA,NA,NA,"MS","financials"
"942",942,0.338160364709037,"train",NA,NA,NA,NA,"MS","financials"
"943",943,0.335210512201663,"train",NA,NA,NA,NA,"MS","financials"
"944",944,0.334406006972379,"train",NA,NA,NA,NA,"MS","financials"
"945",945,0.367122552963261,"train",NA,NA,NA,NA,"MS","financials"
"946",946,0.369804237060874,"train",NA,NA,NA,NA,"MS","financials"
"947",947,0.434700992223116,"train",NA,NA,NA,NA,"MS","financials"
"948",948,0.474926253687316,"train",NA,NA,NA,NA,"MS","financials"
"949",949,0.487530168946098,"train",NA,NA,NA,NA,"MS","financials"
"950",950,0.510592652185572,"train",NA,NA,NA,NA,"MS","financials"
"951",951,0.528023598820059,"train",NA,NA,NA,NA,"MS","financials"
"952",952,0.506301957629391,"train",NA,NA,NA,NA,"MS","financials"
"953",953,0.527219093590775,"train",NA,NA,NA,NA,"MS","financials"
"954",954,0.539554840439796,"train",NA,NA,NA,NA,"MS","financials"
"955",955,0.543041029766693,"train",NA,NA,NA,NA,"MS","financials"
"956",956,0.542504692947171,"train",NA,NA,NA,NA,"MS","financials"
"957",957,0.555913113435237,"train",NA,NA,NA,NA,"MS","financials"
"958",958,0.557522123893805,"train",NA,NA,NA,NA,"MS","financials"
"959",959,0.539823008849557,"train",NA,NA,NA,NA,"MS","financials"
"960",960,0.544113703405739,"train",NA,NA,NA,NA,"MS","financials"
"961",961,0.5644945025476,"train",NA,NA,NA,NA,"MS","financials"
"962",962,0.585947975328506,"train",NA,NA,NA,NA,"MS","financials"
"963",963,0.577098417806382,"train",NA,NA,NA,NA,"MS","financials"
"964",964,0.584070796460177,"train",NA,NA,NA,NA,"MS","financials"
"965",965,0.595333869670153,"train",NA,NA,NA,NA,"MS","financials"
"966",966,0.59882005899705,"train",NA,NA,NA,NA,"MS","financials"
"967",967,0.624027889514615,"train",NA,NA,NA,NA,"MS","financials"
"968",968,0.628050415661035,"train",NA,NA,NA,NA,"MS","financials"
"969",969,0.607937784928935,"train",NA,NA,NA,NA,"MS","financials"
"970",970,0.596674711718959,"train",NA,NA,NA,NA,"MS","financials"
"971",971,0.604719764011799,"train",NA,NA,NA,NA,"MS","financials"
"972",972,0.608742290158219,"train",NA,NA,NA,NA,"MS","financials"
"973",973,0.600697237865379,"train",NA,NA,NA,NA,"MS","financials"
"974",974,0.603915258782515,"train",NA,NA,NA,NA,"MS","financials"
"975",975,0.621882542236525,"train",NA,NA,NA,NA,"MS","financials"
"976",976,0.618396352909627,"train",NA,NA,NA,NA,"MS","financials"
"977",977,0.60284258514347,"train",NA,NA,NA,NA,"MS","financials"
"978",978,0.610083132207026,"train",NA,NA,NA,NA,"MS","financials"
"979",979,0.611692142665594,"train",NA,NA,NA,NA,"MS","financials"
"980",980,0.598283722177527,"train",NA,NA,NA,NA,"MS","financials"
"981",981,0.585679806918745,"train",NA,NA,NA,NA,"MS","financials"
"982",982,0.588361491016358,"train",NA,NA,NA,NA,"MS","financials"
"983",983,0.609814963797265,"train",NA,NA,NA,NA,"MS","financials"
"984",984,0.62510056315366,"train",NA,NA,NA,NA,"MS","financials"
"985",985,0.614373826763207,"train",NA,NA,NA,NA,"MS","financials"
"986",986,0.631268436578171,"train",NA,NA,NA,NA,"MS","financials"
"987",987,0.600697237865379,"train",NA,NA,NA,NA,"MS","financials"
"988",988,0.610083132207026,"train",NA,NA,NA,NA,"MS","financials"
"989",989,0.626441405202467,"train",NA,NA,NA,NA,"MS","financials"
"990",990,0.625368731563422,"train",NA,NA,NA,NA,"MS","financials"
"991",991,0.630195762939126,"train",NA,NA,NA,NA,"MS","financials"
"992",992,0.585679806918745,"train",NA,NA,NA,NA,"MS","financials"
"993",993,0.604719764011799,"train",NA,NA,NA,NA,"MS","financials"
"994",994,0.593724859211585,"train",NA,NA,NA,NA,"MS","financials"
"995",995,0.597479216948244,"train",NA,NA,NA,NA,"MS","financials"
"996",996,0.58058460713328,"train",NA,NA,NA,NA,"MS","financials"
"997",997,0.601233574684902,"train",NA,NA,NA,NA,"MS","financials"
"998",998,0.631536604987932,"train",NA,NA,NA,NA,"MS","financials"
"999",999,0.635827299544114,"train",NA,NA,NA,NA,"MS","financials"
"1000",1000,0.625905068382944,"train",NA,NA,NA,NA,"MS","financials"
"1001",1001,0.611692142665594,"test",0.612012430774466,0.403142379208349,0.27663093891594,0.947393922632993,"MS","financials"
"1002",1002,0.59479753285063,"test",0.622331420606403,0.404112918451899,0.283936569153377,0.960726272059429,"MS","financials"
"1003",1003,0.600429069455618,"test",0.620926594367272,0.405102427321236,0.28425876459392,0.957594424140624,"MS","financials"
"1004",1004,0.585143470099222,"test",0.604357829691144,0.406027485020278,0.266361427051624,0.942354232330664,"MS","financials"
"1005",1005,0.646822204344328,"test",0.606671759522855,0.407194705260295,0.268770571409941,0.944572947635768,"MS","financials"
"1006",1006,0.652185572539555,"test",0.616685022915854,0.408379086320683,0.277708710996311,0.955661334835398,"MS","financials"
"1007",1007,0.658621614373827,"test",0.607983729232637,0.409584811673497,0.272890869348019,0.943076589117254,"MS","financials"
"1008",1008,0.632877447036739,"test",0.615439768973921,0.410684086069222,0.275492710077418,0.955386827870424,"MS","financials"
"1009",1009,0.658085277554304,"test",0.611921822443677,0.411879373612054,0.273657248472643,0.950186396414711,"MS","financials"
"1010",1010,0.654062751407884,"test",0.615206315051027,0.413054482079762,0.276011224542127,0.954401405559927,"MS","financials"
"1011",1011,0.669080182354518,"test",0.607906739409076,0.414284831755149,0.26917832283302,0.946635155985131,"MS","financials"
"1012",1012,0.689997318315902,"test",0.596026342806125,0.41559349528949,0.25418100497266,0.937871680639591,"MS","financials"
"1013",1013,0.702064896755162,"test",0.621533131827662,0.416945180093285,0.280209181125729,0.962857082529595,"MS","financials"
"1014",1014,0.691874497184232,"test",0.621465559211927,0.418251891773444,0.279214770753325,0.963716347670529,"MS","financials"
"1015",1015,0.692947170823277,"test",0.627479986242608,0.419558215389299,0.282129279125274,0.972830693359942,"MS","financials"
"1016",1016,0.703942075623492,"test",0.617616741636024,0.420903215773091,0.274071356914026,0.961162126358022,"MS","financials"
"1017",1017,0.702869401984446,"test",0.629875199373174,0.422239257567559,0.286962430191817,0.972787968554531,"MS","financials"
"1018",1018,0.704478412443014,"test",0.62482269574858,0.423576916631606,0.277716781227273,0.971928610269887,"MS","financials"
"1019",1019,0.676320729418075,"test",0.62509131363588,0.424799338334515,0.279156147508792,0.971026479762969,"MS","financials"
"1020",1020,0.684633950120676,"test",0.639884180536608,0.42605005342805,0.292553536832856,0.987214824240361,"MS","financials"
"1021",1021,0.680075087154733,"test",0.632509912405693,0.42727850717721,0.287662154400585,0.9773576704108,"MS","financials"
"1022",1022,0.710646285867525,"test",0.637186109930654,0.428622292218259,0.29118416968415,0.983188050177158,"MS","financials"
"1023",1023,0.696433360150174,"test",0.648047087158348,0.42990579152396,0.298569743109274,0.997524431207423,"MS","financials"
"1024",1024,0.711182622687047,"test",0.65140182076124,0.431242402775681,0.304906174338991,0.997897467183489,"MS","financials"
"1025",1025,0.704210244033253,"test",0.643352256100958,0.432547124670513,0.295116186972478,0.991588325229438,"MS","financials"
"1026",1026,0.697774202198981,"test",0.649923121871448,0.433822187272227,0.300044509276863,0.999801734466033,"MS","financials"
"1027",1027,0.699383212657549,"test",0.655289718722326,0.435099053966712,0.309043215715769,1.00153622172888,"MS","financials"
"1028",1028,0.707160096540627,"test",0.655688587579832,0.436401715629598,0.305299975080294,1.00607720007937,"MS","financials"
"1029",1029,0.702064896755162,"test",0.656722158212834,0.437680021467263,0.306770848436043,1.00667346798963,"MS","financials"
"1030",1030,0.695897023330652,"test",0.667610343384853,0.438929911416677,0.318441809345534,1.01677887742417,"MS","financials"
"1031",1031,0.694019844462322,"test",0.654586754019609,0.440168155504758,0.303907170164632,1.00526633787459,"MS","financials"
"1032",1032,0.684902118530437,"test",0.657965324438116,0.441366739670117,0.306407330748733,1.0095233181275,"MS","financials"
"1033",1033,0.697774202198981,"test",0.656834664722956,0.44261098529592,0.308385302962684,1.00528402648323,"MS","financials"
"1034",1034,0.662644140520247,"test",0.656221349574916,0.443714998043028,0.305384270999628,1.0070584281502,"MS","financials"
"1035",1035,0.651112898900509,"test",0.655611886115427,0.444770590093111,0.304277184288053,1.0069465879428,"MS","financials"
"1036",1036,0.599356395816573,"test",0.648703633154569,0.44562266128253,0.294777921538947,1.00262934477019,"MS","financials"
"1037",1037,0.587288817377313,"test",0.647692022989559,0.446425185538182,0.296341091807894,0.999042954171224,"MS","financials"
"1038",1038,0.597479216948244,"test",0.63782099014314,0.447264149797995,0.283268518078738,0.992373462207542,"MS","financials"
"1039",1039,0.593993027621346,"test",0.635813288502119,0.448086742964336,0.281661281413109,0.989965295591128,"MS","financials"
"1040",1040,0.570394207562349,"test",0.634852573597313,0.448815679197599,0.279639483893271,0.990065663301356,"MS","financials"
"1041",1041,0.59479753285063,"test",0.618779748415935,0.44963580924727,0.263592455930471,0.973967040901399,"MS","financials"
"1042",1042,0.603110753553231,"test",0.618200877464656,0.450484972720424,0.255446365428323,0.980955389500988,"MS","financials"
"1043",1043,0.620005363368195,"test",0.618651916019295,0.451395954374781,0.264994480366209,0.972309351672381,"MS","financials"
"1044",1044,0.604183427192277,"test",0.613965817911654,0.452243136595947,0.256533309160471,0.971398326662838,"MS","financials"
"1045",1045,0.600697237865379,"test",0.606582441790191,0.453074011841148,0.251000763655501,0.96216411992488,"MS","financials"
"1046",1046,0.595333869670153,"test",0.605536549952617,0.453881471358738,0.247539769671442,0.963533330233792,"MS","financials"
"1047",1047,0.57468490211853,"test",0.606521338138333,0.454607217694953,0.251788008117896,0.96125466815877,"MS","financials"
"1048",1048,0.584070796460177,"test",0.598741810576304,0.455366238223068,0.240947193594287,0.95653642755832,"MS","financials"
"1049",1049,0.580316438723518,"test",0.591979679821313,0.456108284065616,0.237212547713366,0.94674681192926,"MS","financials"
"1050",1050,0.579243765084473,"test",0.600135965412799,0.456843643574201,0.242899558216634,0.957372372608964,"MS","financials"
"1051",1051,0.570394207562349,"test",0.582219681954853,0.457542747017752,0.222024533609689,0.942414830300017,"MS","financials"
"1052",1052,0.556717618664521,"test",0.582854870729799,0.458187395434337,0.224981381597526,0.940728359862072,"MS","financials"
"1053",1053,0.546527219093591,"test",0.568776215558614,0.458791064129587,0.207719126845495,0.929833304271733,"MS","financials"
"1054",1054,0.567980691874497,"test",0.569791470964661,0.459474018406698,0.211748899777995,0.927834042151328,"MS","financials"
"1055",1055,0.56047197640118,"test",0.566185679591144,0.460126110609822,0.204066619676677,0.92830473950561,"MS","financials"
"1056",1056,0.58272995441137,"test",0.569958853171361,0.460860224601345,0.212281752743173,0.927635953599549,"MS","financials"
"1057",1057,0.595065701260391,"test",0.570922545112697,0.46163846227847,0.212745749293611,0.929099340931783,"MS","financials"
"1058",1058,0.576293912577098,"test",0.550763435862999,0.462343026828116,0.19448704005261,0.907039831673389,"MS","financials"
"1059",1059,0.623491552695092,"test",0.553102594011068,0.463223407281685,0.194564878867378,0.911640309154758,"MS","financials"
"1060",1060,0.642531509788147,"test",0.560382501933158,0.464172601553645,0.199194017002411,0.921570986863905,"MS","financials"
"1061",1061,0.64521319388576,"test",0.568090119708549,0.465128646227563,0.206872247353605,0.929307992063493,"MS","financials"
"1062",1062,0.62295521587557,"test",0.559634551888227,0.465997577128731,0.194563622255914,0.92470548152054,"MS","financials"
"1063",1063,0.618396352909627,"test",0.560082399855314,0.466846363203662,0.198196813261239,0.92196798644939,"MS","financials"
"1064",1064,0.628318584070796,"test",0.564877812617341,0.467729529460637,0.202678368545042,0.92707725668964,"MS","financials"
"1065",1065,0.617860016090105,"test",0.562629569192064,0.468570382649313,0.202331048765823,0.922928089618306,"MS","financials"
"1066",1066,0.621346205417002,"test",0.570893127958369,0.469421426531929,0.212535383792755,0.929250872123984,"MS","financials"
"1067",1067,0.615982837221775,"test",0.565536317517813,0.470249442284744,0.207654741723675,0.923417893311951,"MS","financials"
"1068",1068,0.610619469026549,"test",0.565247906820507,0.471054526559097,0.205632262023792,0.924863551617221,"MS","financials"
"1069",1069,0.609010458567981,"test",0.564580760941941,0.471850823636339,0.203286102818598,0.925875419065284,"MS","financials"
"1070",1070,0.603915258782515,"test",0.56410704566884,0.472625337643787,0.199154305441897,0.929059785895782,"MS","financials"
"1071",1071,0.611155805846071,"test",0.564122903252811,0.473424231652763,0.200867942815396,0.927377863690226,"MS","financials"
"1072",1072,0.604987932421561,"test",0.564225079138129,0.474197371579604,0.198848729871629,0.929601428404629,"MS","financials"
"1073",1073,0.601233574684902,"test",0.563419002187248,0.474953862358273,0.200369024977915,0.926468979396581,"MS","financials"
"1074",1074,0.620005363368195,"test",0.56481430387063,0.475777669690551,0.203313980599109,0.926314627142151,"MS","financials"
"1075",1075,0.618664521319389,"test",0.568055403164798,0.476593673782833,0.20396586840261,0.932144937926985,"MS","financials"
"1076",1076,0.554035934566908,"test",0.563512970282315,0.477166636492794,0.197590895076481,0.92943504548815,"MS","financials"
"1077",1077,0.563153660498793,"test",0.56124678376958,0.477771468281317,0.19899203510391,0.92350153243525,"MS","financials"
"1078",1078,0.576293912577098,"test",0.560131939197698,0.478422961813755,0.194220014371791,0.926043864023606,"MS","financials"
"1079",1079,0.57253955484044,"test",0.557287940719612,0.479058291659807,0.193837671838976,0.920738209600249,"MS","financials"
"1080",1080,0.592920353982301,"test",0.555845645376167,0.479766914402803,0.189779045117785,0.921912245634549,"MS","financials"
"1081",1081,0.598551890587289,"test",0.558914905698835,0.480493948349425,0.194169231136636,0.923660580261034,"MS","financials"
"1082",1082,0.598551890587289,"test",0.561648587465047,0.481218497668414,0.195284700399485,0.928012474530609,"MS","financials"
"1083",1083,0.604183427192277,"test",0.558235876952649,0.481961372168243,0.191576734512823,0.924895019392476,"MS","financials"
"1084",1084,0.589165996245642,"test",0.563498560900511,0.482646300044698,0.197113254253261,0.929883867547762,"MS","financials"
"1085",1085,0.57468490211853,"test",0.561211072449626,0.483275498618384,0.190017079870788,0.932405065028464,"MS","financials"
"1086",1086,0.598015553767766,"test",0.557405702303865,0.483988468341896,0.190481984900244,0.924329419707486,"MS","financials"
"1087",1087,0.595602038079914,"test",0.558346653799745,0.484690127454558,0.194645377628093,0.922047929971397,"MS","financials"
"1088",1088,0.605524269241083,"test",0.564477000319407,0.485425874479857,0.197806792897858,0.931147207740957,"MS","financials"
"1089",1089,0.60686511128989,"test",0.56064906581571,0.486164048044805,0.194601258627167,0.926696873004252,"MS","financials"
"1090",1090,0.615982837221775,"test",0.567522586316752,0.486933176874312,0.198280331829318,0.936764840804185,"MS","financials"
"1091",1091,0.637972646822204,"test",0.565581814498587,0.48778032671454,0.194200859493361,0.936962769503814,"MS","financials"
"1092",1092,0.659694288012872,"test",0.570956539193083,0.488704193448562,0.197285698657474,0.944627379728692,"MS","financials"
"1093",1093,0.658085277554304,"test",0.573218961285869,0.489619078802863,0.206817019579055,0.939620902992683,"MS","financials"
"1094",1094,0.666130329847144,"test",0.583064484248967,0.490560317544453,0.212386265384289,0.953742703113645,"MS","financials"
"1095",1095,0.659694288012872,"test",0.578586907716254,0.491474902009667,0.207554042612411,0.949619772820098,"MS","financials"
"1096",1096,0.653794582998123,"test",0.591298800508657,0.492364898667012,0.222198356054547,0.960399244962767,"MS","financials"
"1097",1097,0.648163046393135,"test",0.589203807506676,0.49323138581729,0.217646623320779,0.960760991692574,"MS","financials"
"1098",1098,0.68141592920354,"test",0.594931736835624,0.494216114886207,0.22310388166935,0.966759592001897,"MS","financials"
"1099",1099,0.67551622418879,"test",0.599377248845038,0.495176098769146,0.230340742727103,0.968413754962973,"MS","financials"
"1100",1100,0.659694288012872,"test",0.602977237688287,0.496075357430514,0.235161315405766,0.970793159970808,"MS","financials"
"1101",1101,0.651649235720032,"test",0.602302199634455,0.496942392549794,0.228777886092822,0.975826513176087,"MS","financials"
"1102",1102,0.62697774202199,"test",0.612342928351564,0.497716985281974,0.236837602943047,0.987848253760082,"MS","financials"
"1103",1103,0.635290962724591,"test",0.607422316366487,0.498519130607717,0.233260046040736,0.981584586692239,"MS","financials"
"1104",1104,0.64119066773934,"test",0.611511825368028,0.499339971307492,0.242406002822962,0.980617647913094,"MS","financials"
"1105",1105,0.643872351836954,"test",0.608904557789152,0.500167781995068,0.238866624172628,0.978942491405675,"MS","financials"
"1106",1106,0.655403593456691,"test",0.617126950424872,0.501034539627309,0.244017927987931,0.990235972861813,"MS","financials"
"1107",1107,0.650308393671226,"test",0.615220505011975,0.501880008087084,0.244763409739549,0.985677600284401,"MS","financials"
"1108",1108,0.678466076696165,"test",0.617017289406249,0.502824320002685,0.245370840601337,0.988663738211161,"MS","financials"
"1109",1109,0.693215339233038,"test",0.620223689385906,0.503818711764905,0.24315604259439,0.997291336177422,"MS","financials"
"1110",1110,0.692410834003754,"test",0.631326314892937,0.504806930345365,0.262842275361462,0.999810354424412,"MS","financials"
"1111",1111,0.690265486725664,"test",0.631007171753707,0.505784172816186,0.25453990373538,1.00747443977203,"MS","financials"
"1112",1112,0.688656476267096,"test",0.638154877726387,0.506752412451638,0.261305436578955,1.01500431887382,"MS","financials"
"1113",1113,0.674979887369268,"test",0.641946936072385,0.507668315692559,0.267408293781342,1.01648557836343,"MS","financials"
"1114",1114,0.661035130061679,"test",0.640967684386524,0.508531130651037,0.265838959558799,1.01609640921425,"MS","financials"
"1115",1115,0.676052561008313,"test",0.645836819074713,0.509444971446577,0.270249925368445,1.02142371278098,"MS","financials"
"1116",1116,0.667471171895951,"test",0.645481693770817,0.510325048413477,0.269060516370546,1.02190287117109,"MS","financials"
"1117",1117,0.670957361222848,"test",0.648538871936826,0.511214711459623,0.269587252613809,1.02749049125984,"MS","financials"
"1118",1118,0.665862161437383,"test",0.648850563033398,0.512083219016038,0.271752406659903,1.02594871940689,"MS","financials"
"1119",1119,0.705551086082059,"test",0.653244175369358,0.513090742049249,0.277413220515011,1.02907513022371,"MS","financials"
"1120",1120,0.702601233574685,"test",0.656360894417788,0.514084440336842,0.274934338634082,1.03778745020149,"MS","financials"
"1121",1121,0.704746580852776,"test",0.655024623362875,0.515082549871139,0.275618241319761,1.03443100540599,"MS","financials"
"1122",1122,0.707964601769911,"test",0.662124527129601,0.516088876704831,0.286269151192277,1.03797990306692,"MS","financials"
"1123",1123,0.732099758648431,"test",0.666529199785888,0.51717789199663,0.28510705622772,1.04795134334406,"MS","financials"
"1124",1124,0.721373022257978,"test",0.67062964740345,0.518225200612747,0.290892962497602,1.0503663323093,"MS","financials"
"1125",1125,0.718155001340842,"test",0.672272419435281,0.51925766657855,0.290072645987265,1.0544721928833,"MS","financials"
"1126",1126,0.706623759721105,"test",0.675971533124762,0.520245816914171,0.298660442545346,1.05328262370418,"MS","financials"
"1127",1127,0.713059801555377,"test",0.67831965171632,0.521253598452499,0.293776947522626,1.06286235591001,"MS","financials"
"1128",1128,0.724591043175114,"test",0.681097212984538,0.522299000569226,0.29798154648303,1.06421287948605,"MS","financials"
"1129",1129,0.724591043175114,"test",0.684557370705069,0.523341018203153,0.3001251049058,1.06898963650434,"MS","financials"
"1130",1130,0.722713864306785,"test",0.681468508165498,0.524373019527464,0.301434998914527,1.06150201741647,"MS","financials"
"1131",1131,0.744703673907214,"test",0.690419512019342,0.525479454189881,0.310678139461781,1.0701608845769,"MS","financials"
"1132",1132,0.750871547331724,"test",0.690452720259463,0.526604117983051,0.305123458539833,1.07578198197909,"MS","financials"
"1133",1133,0.740681147760794,"test",0.697700081356896,0.527689185982565,0.314139959818746,1.08126020289505,"MS","financials"
"1134",1134,0.733172432287476,"test",0.700773384886183,0.528744274052845,0.317952775291505,1.08359399448086,"MS","financials"
"1135",1135,0.696969696969697,"test",0.698060287025182,0.52966837631763,0.314863385153173,1.08125718889719,"MS","financials"
"1136",1136,0.67953875033521,"test",0.695925784798638,0.530528109072612,0.309380028770196,1.08247154082708,"MS","financials"
"1137",1137,0.702601233574685,"test",0.698260485342743,0.531466183831317,0.31373162631544,1.08278934437005,"MS","financials"
"1138",1138,0.700455886296594,"test",0.701188484744777,0.532393686525919,0.313881471032557,1.088495498457,"MS","financials"
"1139",1139,0.689192813086618,"test",0.699057652529226,0.533278638465986,0.315003067561933,1.08311223749652,"MS","financials"
"1140",1140,0.664521319388576,"test",0.693757509916135,0.534074160182502,0.31130869855105,1.07620632128122,"MS","financials"
"1141",1141,0.672566371681416,"test",0.688067936124359,0.534895298351798,0.30066910852096,1.07546676372776,"MS","financials"
"1142",1142,0.653526414588361,"test",0.691828704979256,0.535647083083965,0.301943742378919,1.08171366757959,"MS","financials"
"1143",1143,0.67739340305712,"test",0.691801229263169,0.536479942685091,0.306192958062827,1.07740950046351,"MS","financials"
"1144",1144,0.68356127648163,"test",0.6914585288171,0.537331672985825,0.303433784875532,1.07948327275867,"MS","financials"
"1145",1145,0.688924644676857,"test",0.679464632152025,0.538199389039201,0.295933455056579,1.06299580924747,"MS","financials"
"1146",1146,0.687315634218289,"test",0.692257431869003,0.539058691379811,0.303197529186106,1.0813173345519,"MS","financials"
"1147",1147,0.674979887369268,"test",0.687978401573402,0.539872204741359,0.301504610255235,1.07445219289157,"MS","financials"
"1148",1148,0.671493698042371,"test",0.693150863870891,0.540670943009008,0.30380676115041,1.08249496659137,"MS","financials"
"1149",1149,0.679806918744972,"test",0.680439680836965,0.541496040924593,0.290462904379432,1.0704164572945,"MS","financials"
"1150",1150,0.67551622418879,"test",0.6722485404981,0.542303555376107,0.28154586750027,1.06295121349593,"MS","financials"
"1151",1151,0.694019844462322,"test",0.678159742601265,0.543172770524291,0.283408801114129,1.0729106840884,"MS","financials"
"1152",1152,0.659694288012872,"test",0.67289071026875,0.543920010445727,0.280247713990974,1.06553370654652,"MS","financials"
"1153",1153,0.663984982569053,"test",0.686797936465121,0.544679718808482,0.298111516878471,1.07548435605177,"MS","financials"
"1154",1154,0.63716814159292,"test",0.659952107041689,0.545344021684228,0.27564964836928,1.0442545657141,"MS","financials"
"1155",1155,0.635559131134352,"test",0.676657302505139,0.546000590394221,0.285942803530808,1.06737180147947,"MS","financials"
"1156",1156,0.666398498256905,"test",0.669370405073743,0.546761732988548,0.277673933249558,1.06106687689793,"MS","financials"
"1157",1157,0.682220434432824,"test",0.679652080896746,0.547575124048912,0.286430270586044,1.07287389120745,"MS","financials"
"1158",1158,0.694824349691606,"test",0.654048083265851,0.548429444515022,0.260716899610456,1.04737926692125,"MS","financials"
"1159",1159,0.700187717886833,"test",0.660651978056994,0.54929954626445,0.267901280054648,1.05340267605934,"MS","financials"
"1160",1160,0.705014749262537,"test",0.65501529281684,0.550183518355654,0.260707452914943,1.04932313271874,"MS","financials"
"1161",1161,0.724322874765353,"test",0.681774358137872,0.551131198533105,0.288554001575605,1.07499471470014,"MS","financials"
"1162",1162,0.733708769106999,"test",0.657024259707871,0.552108184079163,0.260946449206137,1.0531020702096,"MS","financials"
"1163",1163,0.739608474121748,"test",0.675909252395947,0.553102370936472,0.279007729285809,1.07281077550609,"MS","financials"
"1164",1164,0.749530705282918,"test",0.684300975839927,0.554127515370822,0.292839316830039,1.07576263484981,"MS","financials"
"1165",1165,0.748458031643872,"test",0.663998047881931,0.555145746700824,0.269944064801765,1.0580520309621,"MS","financials"
"1166",1166,0.735585947975329,"test",0.677054340689034,0.556116612983334,0.279311867203872,1.0747968141742,"MS","financials"
"1167",1167,0.728077232502011,"test",0.678092036680173,0.557058679930709,0.286899629414961,1.06928444394539,"MS","financials"
"1168",1168,0.744435505497452,"test",0.671009648242003,0.558053794420569,0.275500770343277,1.06651852614073,"MS","financials"
"1169",1169,0.746580852775543,"test",0.683521094499356,0.559053119160114,0.289628020734798,1.07741416826391,"MS","financials"
"1170",1170,0.747117189595066,"test",0.68297244305871,0.560051136713742,0.289523815751448,1.07642107036597,"MS","financials"
"1171",1171,0.767229820327165,"test",0.688746414626876,0.561114722098074,0.291139640076764,1.08635318917699,"MS","financials"
"1172",1172,0.776883883078573,"test",0.688397115931462,0.562207928436868,0.289063580075959,1.08773065178696,"MS","financials"
"1173",1173,0.769643336015017,"test",0.69034662365609,0.56327303008099,0.293837959034904,1.08685528827728,"MS","financials"
"1174",1174,0.78626977742022,"test",0.708313626898578,0.564391452885764,0.310742243819423,1.10588500997773,"MS","financials"
"1175",1175,0.789755966747117,"test",0.699084589242849,0.565518259484862,0.301211690219719,1.09695748826598,"MS","financials"
"1176",1176,0.779565567176187,"test",0.706277692233193,0.566606898375196,0.308980180744629,1.10357520372176,"MS","financials"
"1177",1177,0.782515419683561,"test",0.705184044854396,0.567702171828403,0.305725945383794,1.104642144325,"MS","financials"
"1178",1178,0.77420219898096,"test",0.711608200461604,0.56876580937564,0.311269956680527,1.11194644424268,"MS","financials"
"1179",1179,0.758380262805042,"test",0.710765729395492,0.569772456506746,0.307257458893758,1.11427399989723,"MS","financials"
"1180",1180,0.750603378921963,"test",0.712544487549624,0.570749601543749,0.315571638415105,1.10951733668414,"MS","financials"
"1181",1181,0.767766157146688,"test",0.7292861837232,0.571781826196197,0.329201949598922,1.12937041784748,"MS","financials"
"1182",1182,0.772593188522392,"test",0.716371036732902,0.572827175104575,0.313025059369192,1.11971701409661,"MS","financials"
"1183",1183,0.800214534727809,"test",0.7201050295528,0.573962670903509,0.319624423475394,1.12058563563021,"MS","financials"
"1184",1184,0.790560471976401,"test",0.723966257968218,0.575062040174361,0.324421524908556,1.12351099102788,"MS","financials"
"1185",1185,0.814427460445159,"test",0.727843404764452,0.576238570923236,0.325941994267026,1.12974481526188,"MS","financials"
"1186",1186,0.81255028157683,"test",0.732639959517554,0.577405143117136,0.330000782084642,1.13527913695047,"MS","financials"
"1187",1187,0.824886028425851,"test",0.745886634940789,0.578609689363827,0.344756328171386,1.14701694171019,"MS","financials"
"1188",1188,0.810002681684098,"test",0.739859637272706,0.579760418618541,0.336066753472861,1.14365252107255,"MS","financials"
"1189",1189,0.816840976133012,"test",0.746836218649706,0.580930609447072,0.337786072103849,1.15588636519556,"MS","financials"
"1190",1190,0.827299544113703,"test",0.750734024315145,0.582132356828918,0.347406338029065,1.15406171060123,"MS","financials"
"1191",1191,0.80852775543041,"test",0.75699026765958,0.58326737030747,0.349124337092645,1.16485619822652,"MS","financials"
"1192",1192,0.796192008581389,"test",0.760022697408014,0.584357498832733,0.352654041074661,1.16739135374137,"MS","financials"
"1193",1193,0.78626977742022,"test",0.754287173143677,0.585411003567015,0.34620309353565,1.1623712527517,"MS","financials"
"1194",1194,0.807455081791365,"test",0.757326262634694,0.586532235012827,0.348236994792412,1.16641553047698,"MS","financials"
"1195",1195,0.796728345400912,"test",0.759246162541717,0.587614119230006,0.347653757550196,1.17083856753324,"MS","financials"
"1196",1196,0.799946366318048,"test",0.763005650642616,0.5887034418581,0.357152106837734,1.1688591944475,"MS","financials"
"1197",1197,0.779833735585948,"test",0.762808342327008,0.589722210816356,0.354962673609272,1.17065401104474,"MS","financials"
"1198",1198,0.770447841244301,"test",0.760597345153958,0.590706506231761,0.349820796545367,1.17137389376255,"MS","financials"
"1199",1199,0.764548136229552,"test",0.7612998129668,0.591668087477454,0.352781430803395,1.1698181951302,"MS","financials"
"1200",1200,0.762939125770984,"test",0.765797045959167,0.592621341732216,0.358606796464559,1.17298729545378,"MS","financials"
"1201",1201,0.759452936444087,"test",0.758245220121122,0.593560047841601,0.348580720721985,1.16790971952026,"MS","financials"
"1202",1202,0.752748726200054,"test",0.757485174984904,0.594473551085535,0.348317717334914,1.16665263263489,"MS","financials"
"1203",1203,0.745240010726736,"test",0.755636801343204,0.595359270454274,0.345020551734915,1.16625305095149,"MS","financials"
"1204",1204,0.758648431214803,"test",0.754848801832747,0.596286801662947,0.34727001045859,1.1624275932069,"MS","financials"
"1205",1205,0.761330115312416,"test",0.7545639857116,0.597220380884907,0.347007330692433,1.16212064073077,"MS","financials"
"1206",1206,0.772325020112631,"test",0.754220985530947,0.598187558144283,0.343234119889452,1.16520785117244,"MS","financials"
"1207",1207,0.779565567176187,"test",0.760009784923968,0.599175765949091,0.348708325261563,1.17131124458637,"MS","financials"
"1208",1208,0.771788683293108,"test",0.75657479411986,0.600135199065786,0.342519732814806,1.17062985542491,"MS","financials"
"1209",1209,0.770984178063824,"test",0.755099776425715,0.60108903253781,0.34341255899778,1.16678699385365,"MS","financials"
"1210",1210,0.769375167605256,"test",0.7528220746884,0.602034627375834,0.34048233822692,1.16516181114988,"MS","financials"
"1211",1211,0.806918744971842,"test",0.761045917281254,0.603101337068537,0.345324673404066,1.17676716115844,"MS","financials"
"1212",1212,0.831590238669885,"test",0.759422957092394,0.604246229523459,0.342584030929453,1.17626188325534,"MS","financials"
"1213",1213,0.839367122552963,"test",0.76132980533393,0.605413302530816,0.34255989472368,1.18009971594418,"MS","financials"
"1214",1214,0.848484848484849,"test",0.765561387019384,0.606606891419651,0.350682406250544,1.18044036778822,"MS","financials"
"1215",1215,0.868061142397426,"test",0.770597157810527,0.607861329088279,0.353922101072111,1.18727221454894,"MS","financials"
"1216",1216,0.850093858943416,"test",0.774749695630846,0.609052891339868,0.356700531707021,1.19279885955467,"MS","financials"
"1217",1217,0.841512469831054,"test",0.773509262197127,0.610212659510364,0.360829003591183,1.18618952080307,"MS","financials"
"1218",1218,0.859211584875302,"test",0.781002957928945,0.611427057736825,0.367100857085336,1.19490505877255,"MS","financials"
"1219",1219,0.873692679002413,"test",0.786278273463074,0.612685324420081,0.36709182509294,1.20546472183321,"MS","financials"
"1220",1220,0.870474658085278,"test",0.78923114871474,0.613929267452471,0.374369348807583,1.2040929486219,"MS","financials"
"1221",1221,0.899436846339501,"test",0.794824973516797,0.615264361661233,0.375903377797554,1.21374656923604,"MS","financials"
"1222",1222,0.881469562885492,"test",0.798244956618784,0.61653665566642,0.380431107670793,1.21605880556678,"MS","financials"
"1223",1223,0.86698846875838,"test",0.803549768770672,0.617757782161549,0.38358502394504,1.2235145135963,"MS","financials"
"1224",1224,0.879324215607401,"test",0.807507599292866,0.619015565561106,0.388408231899835,1.2266069666859,"MS","financials"
"1225",1225,0.88307857334406,"test",0.810763986008835,0.620281849934932,0.389781559006866,1.2317464130108,"MS","financials"
"1226",1226,0.874765352641459,"test",0.814676457646643,0.621517231456371,0.391924598799507,1.23742831649378,"MS","financials"
"1227",1227,0.863502279431483,"test",0.81630432490519,0.622712206560085,0.39572852724911,1.23688012256127,"MS","financials"
"1228",1228,0.873424510592652,"test",0.814603376124778,0.623935930408004,0.389903367444942,1.23930338480461,"MS","financials"
"1229",1229,0.869133816036471,"test",0.82107660806748,0.625142038839011,0.39555667424581,1.24659654188915,"MS","financials"
"1230",1230,0.862429605792437,"test",0.823458164079031,0.626322747063069,0.40003228262439,1.24688404553367,"MS","financials"
"1231",1231,0.865111289890051,"test",0.825487182571103,0.627508645975134,0.406472901738619,1.24450146340359,"MS","financials"
"1232",1232,0.867256637168141,"test",0.821537113071914,0.628697974880791,0.400627056202476,1.24244716994135,"MS","financials"
"1233",1233,0.862429605792437,"test",0.821154972258288,0.629868101645456,0.39872891527537,1.24358102924121,"MS","financials"
"1234",1234,0.85492089031912,"test",0.827995143068384,0.631010403254353,0.402785903845892,1.25320438229088,"MS","financials"
"1235",1235,0.858675248055779,"test",0.830604568173878,0.632161460310874,0.401077785929235,1.26013135041852,"MS","financials"
"1236",1236,0.880128720836685,"test",0.827713635765584,0.633378519269421,0.39987414596797,1.2555531255632,"MS","financials"
"1237",1237,0.879592384017163,"test",0.831563298177598,0.634590232761849,0.405818342197701,1.2573082541575,"MS","financials"
"1238",1238,0.873692679002413,"test",0.833184491618415,0.635779290687403,0.407293395244812,1.25907558799202,"MS","financials"
"1239",1239,0.884687583802628,"test",0.836317095736442,0.637000317668344,0.411968435670252,1.26066575580263,"MS","financials"
"1240",1240,0.901582193617592,"test",0.841209650312779,0.638272228617308,0.41027776881426,1.2721415318113,"MS","financials"
"1241",1241,0.908822740681148,"test",0.844500598088418,0.639563721588367,0.417625908421523,1.27137528775531,"MS","financials"
"1242",1242,0.93349423437919,"test",0.848582147044396,0.640930863531304,0.415903041000091,1.2812612530887,"MS","financials"
"1243",1243,0.919549477071601,"test",0.847226499593273,0.642249112249022,0.415070541905164,1.27938245728138,"MS","financials"
"1244",1244,0.939662107803701,"test",0.856262768487011,0.643628153433236,0.426108740538038,1.28641679643598,"MS","financials"
"1245",1245,0.952802359882006,"test",0.856166820831221,0.645045365701401,0.425383078416401,1.28695056324604,"MS","financials"
"1246",1246,0.996245642263341,"test",0.868831218238549,0.646597891730275,0.437226525923163,1.30043591055394,"MS","financials"
"1247",1247,0.993563958165728,"test",0.87465472147231,0.648137287754221,0.439295045863797,1.31001439708082,"MS","financials"
"1248",1248,0.981496379726468,"test",0.881331858824702,0.649633517578976,0.452782724363771,1.30988099328563,"MS","financials"
"1249",1249,0.990345937248592,"test",0.887213791725399,0.651153724617584,0.454178245589528,1.32024933786127,"MS","financials"
"1250",1250,0.978814695628855,"test",0.892126101692901,0.652632603481551,0.457198630436079,1.32705357294972,"MS","financials"
"1251",1251,1,"test",0.897800971239392,0.654174911569806,0.465410314145322,1.33019162833346,"MS","financials"
"1252",1252,0.99597747385358,"test",0.901340714576423,0.655699884200088,0.465809319335502,1.33687210981734,"MS","financials"
"1253",1253,0.973183159023867,"test",0.907649907990006,0.657147657198004,0.467887695329964,1.34741212065005,"MS","financials"
"1254",1254,0.97184231697506,"test",0.909668475816879,0.658586939204561,0.469485357188975,1.34985159444478,"MS","financials"
"1255",1255,0.99597747385358,"test",0.91621668607857,0.660098958585497,0.472699065607225,1.35973430654992,"MS","financials"
"1256",1256,0.943148297130598,"test",0.917953173601275,0.661438344916865,0.485683425388115,1.35022292181444,"MS","financials"
"1257",1257,0.864574953070528,"test",0.914988238224122,0.662523793136811,0.475955804437389,1.35402067201085,"MS","financials"
"1258",1258,0.912308930008045,"test",0.913329703986632,0.663757824284797,0.477403026782519,1.34925638119075,"MS","financials"
"1259",1259,0.918208635022794,"test",NA,NA,NA,NA,"MS","financials"
